[
  {
    "model": "admin.logentry",
    "pk": 1,
    "fields": {
      "action_time": "2024-10-07T13:50:36.514Z",
      "user": 1,
      "content_type": 4,
      "object_id": "2",
      "object_repr": "user1",
      "action_flag": 1,
      "change_message": "[{\"added\": {}}]"
    }
  },
  {
    "model": "admin.logentry",
    "pk": 2,
    "fields": {
      "action_time": "2024-10-07T13:53:05.422Z",
      "user": 1,
      "content_type": 4,
      "object_id": "2",
      "object_repr": "user1",
      "action_flag": 2,
      "change_message": "[{\"changed\": {\"name\": \"profile\", \"object\": \"Profile # 2 of user: user1\", \"fields\": [\"Full name\", \"Unique email\", \"Unique phone\"]}}]"
    }
  },
  {
    "model": "admin.logentry",
    "pk": 3,
    "fields": {
      "action_time": "2024-10-07T13:54:01.872Z",
      "user": 1,
      "content_type": 4,
      "object_id": "2",
      "object_repr": "user1",
      "action_flag": 2,
      "change_message": "[{\"changed\": {\"name\": \"profile\", \"object\": \"Profile # 2 of user: user1\", \"fields\": [\"Upload New Avatar\"]}}]"
    }
  },
  {
    "model": "admin.logentry",
    "pk": 4,
    "fields": {
      "action_time": "2024-10-07T14:02:30.846Z",
      "user": 1,
      "content_type": 4,
      "object_id": "2",
      "object_repr": "user1",
      "action_flag": 2,
      "change_message": "[{\"changed\": {\"name\": \"profile\", \"object\": \"Profile # 2 of user: user1\", \"fields\": [\"Upload New Avatar\"]}}]"
    }
  },
  {
    "model": "admin.logentry",
    "pk": 5,
    "fields": {
      "action_time": "2024-10-07T14:03:20.983Z",
      "user": 1,
      "content_type": 4,
      "object_id": "2",
      "object_repr": "user1",
      "action_flag": 2,
      "change_message": "[{\"changed\": {\"fields\": [\"password\"]}}]"
    }
  },
  {
    "model": "admin.logentry",
    "pk": 6,
    "fields": {
      "action_time": "2024-10-07T14:10:39.598Z",
      "user": 1,
      "content_type": 4,
      "object_id": "4",
      "object_repr": "staf",
      "action_flag": 2,
      "change_message": "[{\"changed\": {\"fields\": [\"Staff status\", \"User permissions\"]}}]"
    }
  },
  {
    "model": "admin.logentry",
    "pk": 7,
    "fields": {
      "action_time": "2024-10-07T14:41:18.553Z",
      "user": 1,
      "content_type": 10,
      "object_id": "1",
      "object_repr": "Category id: 1 title: Computers & Tablets",
      "action_flag": 1,
      "change_message": "[{\"added\": {}}]"
    }
  },
  {
    "model": "admin.logentry",
    "pk": 8,
    "fields": {
      "action_time": "2024-10-07T14:41:47.219Z",
      "user": 1,
      "content_type": 10,
      "object_id": "2",
      "object_repr": "Category id: 2 title: Tablets",
      "action_flag": 1,
      "change_message": "[{\"added\": {}}]"
    }
  },
  {
    "model": "admin.logentry",
    "pk": 9,
    "fields": {
      "action_time": "2024-10-07T14:41:56.457Z",
      "user": 1,
      "content_type": 10,
      "object_id": "2",
      "object_repr": "Category id: 2 title: Tablets",
      "action_flag": 2,
      "change_message": "[]"
    }
  },
  {
    "model": "admin.logentry",
    "pk": 10,
    "fields": {
      "action_time": "2024-10-07T14:42:20.450Z",
      "user": 1,
      "content_type": 10,
      "object_id": "3",
      "object_repr": "Category id: 3 title: Laptops",
      "action_flag": 1,
      "change_message": "[{\"added\": {}}]"
    }
  },
  {
    "model": "admin.logentry",
    "pk": 11,
    "fields": {
      "action_time": "2024-10-07T14:42:28.438Z",
      "user": 1,
      "content_type": 10,
      "object_id": "4",
      "object_repr": "Category id: 4 title: Desktops",
      "action_flag": 1,
      "change_message": "[{\"added\": {}}]"
    }
  },
  {
    "model": "admin.logentry",
    "pk": 12,
    "fields": {
      "action_time": "2024-10-07T14:42:34.475Z",
      "user": 1,
      "content_type": 10,
      "object_id": "1",
      "object_repr": "Category id: 1 title: Computers & Tablets",
      "action_flag": 2,
      "change_message": "[]"
    }
  },
  {
    "model": "admin.logentry",
    "pk": 13,
    "fields": {
      "action_time": "2024-10-07T14:42:48.648Z",
      "user": 1,
      "content_type": 10,
      "object_id": "5",
      "object_repr": "Category id: 5 title: Monitors",
      "action_flag": 1,
      "change_message": "[{\"added\": {}}]"
    }
  },
  {
    "model": "admin.logentry",
    "pk": 14,
    "fields": {
      "action_time": "2024-10-07T14:42:58.131Z",
      "user": 1,
      "content_type": 10,
      "object_id": "5",
      "object_repr": "Category id: 5 title: Monitors",
      "action_flag": 2,
      "change_message": "[{\"changed\": {\"fields\": [\"Parent\"]}}]"
    }
  },
  {
    "model": "admin.logentry",
    "pk": 15,
    "fields": {
      "action_time": "2024-10-07T14:43:26.482Z",
      "user": 1,
      "content_type": 10,
      "object_id": "6",
      "object_repr": "Category id: 6 title: Computer Accessories",
      "action_flag": 1,
      "change_message": "[{\"added\": {}}]"
    }
  },
  {
    "model": "admin.logentry",
    "pk": 16,
    "fields": {
      "action_time": "2024-10-07T14:44:04.142Z",
      "user": 1,
      "content_type": 10,
      "object_id": "7",
      "object_repr": "Category id: 7 title: Cell Phones",
      "action_flag": 1,
      "change_message": "[{\"added\": {}}]"
    }
  },
  {
    "model": "admin.logentry",
    "pk": 17,
    "fields": {
      "action_time": "2024-10-07T14:44:37.738Z",
      "user": 1,
      "content_type": 10,
      "object_id": "8",
      "object_repr": "Category id: 8 title: Smart Phones",
      "action_flag": 1,
      "change_message": "[{\"added\": {}}]"
    }
  },
  {
    "model": "admin.logentry",
    "pk": 18,
    "fields": {
      "action_time": "2024-10-07T14:45:14.535Z",
      "user": 1,
      "content_type": 10,
      "object_id": "9",
      "object_repr": "Category id: 9 title: Sattelite Phones",
      "action_flag": 1,
      "change_message": "[{\"added\": {}}]"
    }
  },
  {
    "model": "admin.logentry",
    "pk": 19,
    "fields": {
      "action_time": "2024-10-07T14:45:23.159Z",
      "user": 1,
      "content_type": 10,
      "object_id": "9",
      "object_repr": "Category id: 9 title: Sattelite Phones",
      "action_flag": 2,
      "change_message": "[{\"changed\": {\"fields\": [\"Parent\"]}}]"
    }
  },
  {
    "model": "admin.logentry",
    "pk": 20,
    "fields": {
      "action_time": "2024-10-07T14:57:51.084Z",
      "user": 1,
      "content_type": 10,
      "object_id": "9",
      "object_repr": "Category id: 9 title: Sattelite Phones",
      "action_flag": 2,
      "change_message": "[]"
    }
  },
  {
    "model": "admin.logentry",
    "pk": 21,
    "fields": {
      "action_time": "2024-10-07T15:04:14.456Z",
      "user": 1,
      "content_type": 10,
      "object_id": "1",
      "object_repr": "Category id: 1 title: Computers & Tablets",
      "action_flag": 2,
      "change_message": "[]"
    }
  },
  {
    "model": "admin.logentry",
    "pk": 22,
    "fields": {
      "action_time": "2024-10-07T15:11:52.920Z",
      "user": 1,
      "content_type": 10,
      "object_id": "10",
      "object_repr": "Category id: 10 title: Cases",
      "action_flag": 1,
      "change_message": "[{\"added\": {}}]"
    }
  },
  {
    "model": "admin.logentry",
    "pk": 23,
    "fields": {
      "action_time": "2024-10-07T15:12:50.615Z",
      "user": 1,
      "content_type": 10,
      "object_id": "11",
      "object_repr": "Category id: 11 title: Protective glasses",
      "action_flag": 1,
      "change_message": "[{\"added\": {}}]"
    }
  },
  {
    "model": "admin.logentry",
    "pk": 24,
    "fields": {
      "action_time": "2024-10-07T17:34:51.166Z",
      "user": 1,
      "content_type": 10,
      "object_id": "11",
      "object_repr": "Category id: 11 title: Protective glasses",
      "action_flag": 2,
      "change_message": "[{\"changed\": {\"fields\": [\"Parent\"]}}]"
    }
  },
  {
    "model": "admin.logentry",
    "pk": 25,
    "fields": {
      "action_time": "2024-10-07T17:36:24.005Z",
      "user": 1,
      "content_type": 10,
      "object_id": "12",
      "object_repr": "Category id: 12 title: Audio",
      "action_flag": 1,
      "change_message": "[{\"added\": {}}]"
    }
  },
  {
    "model": "admin.logentry",
    "pk": 26,
    "fields": {
      "action_time": "2024-10-07T17:39:51.067Z",
      "user": 1,
      "content_type": 10,
      "object_id": "12",
      "object_repr": "Category id: 12 title: Audio",
      "action_flag": 2,
      "change_message": "[{\"added\": {\"name\": \"Category: full details\", \"object\": \"Category id: 13 title: Bluetooth Speakers\"}}, {\"added\": {\"name\": \"Category: full details\", \"object\": \"Category id: 14 title: Headphones\"}}, {\"added\": {\"name\": \"Category: full details\", \"object\": \"Category id: 15 title: Home Audio\"}}, {\"added\": {\"name\": \"Category: full details\", \"object\": \"Category id: 16 title: Musical Instruments\"}}]"
    }
  },
  {
    "model": "admin.logentry",
    "pk": 27,
    "fields": {
      "action_time": "2024-10-07T17:41:51.912Z",
      "user": 1,
      "content_type": 10,
      "object_id": "17",
      "object_repr": "Category id: 17 title: Cameras",
      "action_flag": 1,
      "change_message": "[{\"added\": {}}]"
    }
  },
  {
    "model": "admin.logentry",
    "pk": 28,
    "fields": {
      "action_time": "2024-10-07T17:43:37.788Z",
      "user": 1,
      "content_type": 10,
      "object_id": "17",
      "object_repr": "Category id: 17 title: Cameras",
      "action_flag": 2,
      "change_message": "[{\"added\": {\"name\": \"Category: full details\", \"object\": \"Category id: 18 title: Action Cameras\"}}, {\"added\": {\"name\": \"Category: full details\", \"object\": \"Category id: 19 title: DSLR Cameras\"}}, {\"added\": {\"name\": \"Category: full details\", \"object\": \"Category id: 20 title: Camcorder Cameras\"}}]"
    }
  },
  {
    "model": "admin.logentry",
    "pk": 29,
    "fields": {
      "action_time": "2024-10-07T17:45:23.598Z",
      "user": 1,
      "content_type": 9,
      "object_id": "1",
      "object_repr": "CategoryImage id: 1",
      "action_flag": 1,
      "change_message": "[{\"added\": {}}]"
    }
  },
  {
    "model": "admin.logentry",
    "pk": 30,
    "fields": {
      "action_time": "2024-10-07T17:51:50.503Z",
      "user": 1,
      "content_type": 9,
      "object_id": "2",
      "object_repr": "CategoryImage id: 2",
      "action_flag": 1,
      "change_message": "[{\"added\": {}}]"
    }
  },
  {
    "model": "admin.logentry",
    "pk": 31,
    "fields": {
      "action_time": "2024-10-07T17:51:52.789Z",
      "user": 1,
      "content_type": 10,
      "object_id": "2",
      "object_repr": "Category id: 2 title: Tablets",
      "action_flag": 2,
      "change_message": "[{\"changed\": {\"fields\": [\"Image\"]}}]"
    }
  },
  {
    "model": "admin.logentry",
    "pk": 32,
    "fields": {
      "action_time": "2024-10-07T17:52:56.681Z",
      "user": 1,
      "content_type": 9,
      "object_id": "3",
      "object_repr": "CategoryImage id: 3",
      "action_flag": 1,
      "change_message": "[{\"added\": {}}]"
    }
  },
  {
    "model": "admin.logentry",
    "pk": 33,
    "fields": {
      "action_time": "2024-10-07T17:53:04.970Z",
      "user": 1,
      "content_type": 10,
      "object_id": "1",
      "object_repr": "Category id: 1 title: Computers & Tablets",
      "action_flag": 2,
      "change_message": "[{\"changed\": {\"fields\": [\"Image\"]}}]"
    }
  },
  {
    "model": "admin.logentry",
    "pk": 34,
    "fields": {
      "action_time": "2024-10-07T17:53:44.545Z",
      "user": 1,
      "content_type": 9,
      "object_id": "4",
      "object_repr": "CategoryImage id: 4",
      "action_flag": 1,
      "change_message": "[{\"added\": {}}]"
    }
  },
  {
    "model": "admin.logentry",
    "pk": 35,
    "fields": {
      "action_time": "2024-10-07T17:53:46.868Z",
      "user": 1,
      "content_type": 10,
      "object_id": "1",
      "object_repr": "Category id: 1 title: Computers & Tablets",
      "action_flag": 2,
      "change_message": "[{\"changed\": {\"name\": \"Category: full details\", \"object\": \"Category id: 3 title: Laptops\", \"fields\": [\"Image\"]}}]"
    }
  },
  {
    "model": "admin.logentry",
    "pk": 36,
    "fields": {
      "action_time": "2024-10-07T17:54:29.072Z",
      "user": 1,
      "content_type": 9,
      "object_id": "5",
      "object_repr": "CategoryImage id: 5",
      "action_flag": 1,
      "change_message": "[{\"added\": {}}]"
    }
  },
  {
    "model": "admin.logentry",
    "pk": 37,
    "fields": {
      "action_time": "2024-10-07T17:54:31.046Z",
      "user": 1,
      "content_type": 10,
      "object_id": "1",
      "object_repr": "Category id: 1 title: Computers & Tablets",
      "action_flag": 2,
      "change_message": "[{\"changed\": {\"name\": \"Category: full details\", \"object\": \"Category id: 4 title: Desktops\", \"fields\": [\"Image\"]}}]"
    }
  },
  {
    "model": "admin.logentry",
    "pk": 38,
    "fields": {
      "action_time": "2024-10-07T17:55:25.084Z",
      "user": 1,
      "content_type": 9,
      "object_id": "6",
      "object_repr": "CategoryImage id: 6",
      "action_flag": 1,
      "change_message": "[{\"added\": {}}]"
    }
  },
  {
    "model": "admin.logentry",
    "pk": 39,
    "fields": {
      "action_time": "2024-10-07T17:55:26.733Z",
      "user": 1,
      "content_type": 10,
      "object_id": "1",
      "object_repr": "Category id: 1 title: Computers & Tablets",
      "action_flag": 2,
      "change_message": "[{\"changed\": {\"name\": \"Category: full details\", \"object\": \"Category id: 5 title: Monitors\", \"fields\": [\"Image\"]}}]"
    }
  },
  {
    "model": "admin.logentry",
    "pk": 40,
    "fields": {
      "action_time": "2024-10-07T17:56:08.364Z",
      "user": 1,
      "content_type": 9,
      "object_id": "7",
      "object_repr": "CategoryImage id: 7",
      "action_flag": 1,
      "change_message": "[{\"added\": {}}]"
    }
  },
  {
    "model": "admin.logentry",
    "pk": 41,
    "fields": {
      "action_time": "2024-10-07T17:56:11.336Z",
      "user": 1,
      "content_type": 10,
      "object_id": "1",
      "object_repr": "Category id: 1 title: Computers & Tablets",
      "action_flag": 2,
      "change_message": "[{\"changed\": {\"name\": \"Category: full details\", \"object\": \"Category id: 6 title: Computer Accessories\", \"fields\": [\"Image\"]}}]"
    }
  },
  {
    "model": "admin.logentry",
    "pk": 42,
    "fields": {
      "action_time": "2024-10-07T17:57:11.084Z",
      "user": 1,
      "content_type": 9,
      "object_id": "8",
      "object_repr": "CategoryImage id: 8",
      "action_flag": 1,
      "change_message": "[{\"added\": {}}]"
    }
  },
  {
    "model": "admin.logentry",
    "pk": 43,
    "fields": {
      "action_time": "2024-10-07T17:57:14.315Z",
      "user": 1,
      "content_type": 10,
      "object_id": "7",
      "object_repr": "Category id: 7 title: Cell Phones",
      "action_flag": 2,
      "change_message": "[{\"changed\": {\"fields\": [\"Image\"]}}]"
    }
  },
  {
    "model": "admin.logentry",
    "pk": 44,
    "fields": {
      "action_time": "2024-10-07T17:57:45.865Z",
      "user": 1,
      "content_type": 9,
      "object_id": "9",
      "object_repr": "CategoryImage id: 9",
      "action_flag": 1,
      "change_message": "[{\"added\": {}}]"
    }
  },
  {
    "model": "admin.logentry",
    "pk": 45,
    "fields": {
      "action_time": "2024-10-07T17:57:48.510Z",
      "user": 1,
      "content_type": 10,
      "object_id": "7",
      "object_repr": "Category id: 7 title: Cell Phones",
      "action_flag": 2,
      "change_message": "[{\"changed\": {\"name\": \"Category: full details\", \"object\": \"Category id: 8 title: Smart Phones\", \"fields\": [\"Image\"]}}]"
    }
  },
  {
    "model": "admin.logentry",
    "pk": 46,
    "fields": {
      "action_time": "2024-10-07T17:58:19.475Z",
      "user": 1,
      "content_type": 9,
      "object_id": "10",
      "object_repr": "CategoryImage id: 10",
      "action_flag": 1,
      "change_message": "[{\"added\": {}}]"
    }
  },
  {
    "model": "admin.logentry",
    "pk": 47,
    "fields": {
      "action_time": "2024-10-07T17:58:25.385Z",
      "user": 1,
      "content_type": 10,
      "object_id": "7",
      "object_repr": "Category id: 7 title: Cell Phones",
      "action_flag": 2,
      "change_message": "[{\"changed\": {\"name\": \"Category: full details\", \"object\": \"Category id: 9 title: Sattelite Phones\", \"fields\": [\"Image\"]}}]"
    }
  },
  {
    "model": "admin.logentry",
    "pk": 48,
    "fields": {
      "action_time": "2024-10-07T17:59:38.209Z",
      "user": 1,
      "content_type": 9,
      "object_id": "11",
      "object_repr": "CategoryImage id: 11",
      "action_flag": 1,
      "change_message": "[{\"added\": {}}]"
    }
  },
  {
    "model": "admin.logentry",
    "pk": 49,
    "fields": {
      "action_time": "2024-10-07T17:59:40.433Z",
      "user": 1,
      "content_type": 10,
      "object_id": "7",
      "object_repr": "Category id: 7 title: Cell Phones",
      "action_flag": 2,
      "change_message": "[{\"changed\": {\"name\": \"Category: full details\", \"object\": \"Category id: 10 title: Cases\", \"fields\": [\"Image\"]}}]"
    }
  },
  {
    "model": "admin.logentry",
    "pk": 50,
    "fields": {
      "action_time": "2024-10-07T18:01:06.044Z",
      "user": 1,
      "content_type": 9,
      "object_id": "12",
      "object_repr": "CategoryImage id: 12",
      "action_flag": 1,
      "change_message": "[{\"added\": {}}]"
    }
  },
  {
    "model": "admin.logentry",
    "pk": 51,
    "fields": {
      "action_time": "2024-10-07T18:01:07.996Z",
      "user": 1,
      "content_type": 10,
      "object_id": "7",
      "object_repr": "Category id: 7 title: Cell Phones",
      "action_flag": 2,
      "change_message": "[{\"changed\": {\"name\": \"Category: full details\", \"object\": \"Category id: 11 title: Protective glasses\", \"fields\": [\"Image\"]}}]"
    }
  },
  {
    "model": "admin.logentry",
    "pk": 52,
    "fields": {
      "action_time": "2024-10-07T18:01:10.202Z",
      "user": 1,
      "content_type": 10,
      "object_id": "7",
      "object_repr": "Category id: 7 title: Cell Phones",
      "action_flag": 2,
      "change_message": "[]"
    }
  },
  {
    "model": "admin.logentry",
    "pk": 53,
    "fields": {
      "action_time": "2024-10-07T18:02:51.358Z",
      "user": 1,
      "content_type": 9,
      "object_id": "13",
      "object_repr": "CategoryImage id: 13",
      "action_flag": 1,
      "change_message": "[{\"added\": {}}]"
    }
  },
  {
    "model": "admin.logentry",
    "pk": 54,
    "fields": {
      "action_time": "2024-10-07T18:02:53.925Z",
      "user": 1,
      "content_type": 10,
      "object_id": "12",
      "object_repr": "Category id: 12 title: Audio",
      "action_flag": 2,
      "change_message": "[{\"changed\": {\"fields\": [\"Image\"]}}]"
    }
  },
  {
    "model": "admin.logentry",
    "pk": 55,
    "fields": {
      "action_time": "2024-10-07T18:03:17.648Z",
      "user": 1,
      "content_type": 9,
      "object_id": "14",
      "object_repr": "CategoryImage id: 14",
      "action_flag": 1,
      "change_message": "[{\"added\": {}}]"
    }
  },
  {
    "model": "admin.logentry",
    "pk": 56,
    "fields": {
      "action_time": "2024-10-07T18:03:21.490Z",
      "user": 1,
      "content_type": 10,
      "object_id": "12",
      "object_repr": "Category id: 12 title: Audio",
      "action_flag": 2,
      "change_message": "[{\"changed\": {\"name\": \"Category: full details\", \"object\": \"Category id: 13 title: Bluetooth Speakers\", \"fields\": [\"Image\"]}}]"
    }
  },
  {
    "model": "admin.logentry",
    "pk": 57,
    "fields": {
      "action_time": "2024-10-07T18:03:58.312Z",
      "user": 1,
      "content_type": 9,
      "object_id": "15",
      "object_repr": "CategoryImage id: 15",
      "action_flag": 1,
      "change_message": "[{\"added\": {}}]"
    }
  },
  {
    "model": "admin.logentry",
    "pk": 58,
    "fields": {
      "action_time": "2024-10-07T18:04:00.772Z",
      "user": 1,
      "content_type": 10,
      "object_id": "12",
      "object_repr": "Category id: 12 title: Audio",
      "action_flag": 2,
      "change_message": "[{\"changed\": {\"name\": \"Category: full details\", \"object\": \"Category id: 14 title: Headphones\", \"fields\": [\"Image\"]}}]"
    }
  },
  {
    "model": "admin.logentry",
    "pk": 59,
    "fields": {
      "action_time": "2024-10-07T18:04:48.019Z",
      "user": 1,
      "content_type": 9,
      "object_id": "16",
      "object_repr": "CategoryImage id: 16",
      "action_flag": 1,
      "change_message": "[{\"added\": {}}]"
    }
  },
  {
    "model": "admin.logentry",
    "pk": 60,
    "fields": {
      "action_time": "2024-10-07T18:04:49.513Z",
      "user": 1,
      "content_type": 10,
      "object_id": "12",
      "object_repr": "Category id: 12 title: Audio",
      "action_flag": 2,
      "change_message": "[{\"changed\": {\"name\": \"Category: full details\", \"object\": \"Category id: 15 title: Home Audio\", \"fields\": [\"Image\"]}}]"
    }
  },
  {
    "model": "admin.logentry",
    "pk": 61,
    "fields": {
      "action_time": "2024-10-07T18:05:30.923Z",
      "user": 1,
      "content_type": 9,
      "object_id": "17",
      "object_repr": "CategoryImage id: 17",
      "action_flag": 1,
      "change_message": "[{\"added\": {}}]"
    }
  },
  {
    "model": "admin.logentry",
    "pk": 62,
    "fields": {
      "action_time": "2024-10-07T18:05:33.996Z",
      "user": 1,
      "content_type": 10,
      "object_id": "12",
      "object_repr": "Category id: 12 title: Audio",
      "action_flag": 2,
      "change_message": "[{\"changed\": {\"name\": \"Category: full details\", \"object\": \"Category id: 16 title: Musical Instruments\", \"fields\": [\"Image\"]}}]"
    }
  },
  {
    "model": "admin.logentry",
    "pk": 63,
    "fields": {
      "action_time": "2024-10-07T18:08:36.469Z",
      "user": 1,
      "content_type": 9,
      "object_id": "18",
      "object_repr": "CategoryImage id: 18",
      "action_flag": 1,
      "change_message": "[{\"added\": {}}]"
    }
  },
  {
    "model": "admin.logentry",
    "pk": 64,
    "fields": {
      "action_time": "2024-10-07T18:08:37.766Z",
      "user": 1,
      "content_type": 10,
      "object_id": "17",
      "object_repr": "Category id: 17 title: Cameras",
      "action_flag": 2,
      "change_message": "[{\"changed\": {\"fields\": [\"Image\"]}}]"
    }
  },
  {
    "model": "admin.logentry",
    "pk": 65,
    "fields": {
      "action_time": "2024-10-07T18:08:46.328Z",
      "user": 1,
      "content_type": 9,
      "object_id": "18",
      "object_repr": "CategoryImage id: 18",
      "action_flag": 3,
      "change_message": ""
    }
  },
  {
    "model": "admin.logentry",
    "pk": 66,
    "fields": {
      "action_time": "2024-10-07T18:08:48.570Z",
      "user": 1,
      "content_type": 10,
      "object_id": "17",
      "object_repr": "Category id: 17 title: Cameras",
      "action_flag": 2,
      "change_message": "[]"
    }
  },
  {
    "model": "admin.logentry",
    "pk": 67,
    "fields": {
      "action_time": "2024-10-07T18:10:40.492Z",
      "user": 1,
      "content_type": 9,
      "object_id": "19",
      "object_repr": "CategoryImage id: 19",
      "action_flag": 1,
      "change_message": "[{\"added\": {}}]"
    }
  },
  {
    "model": "admin.logentry",
    "pk": 68,
    "fields": {
      "action_time": "2024-10-07T18:10:42.050Z",
      "user": 1,
      "content_type": 10,
      "object_id": "17",
      "object_repr": "Category id: 17 title: Cameras",
      "action_flag": 2,
      "change_message": "[{\"changed\": {\"fields\": [\"Image\"]}}]"
    }
  },
  {
    "model": "admin.logentry",
    "pk": 69,
    "fields": {
      "action_time": "2024-10-07T18:11:29.118Z",
      "user": 1,
      "content_type": 9,
      "object_id": "20",
      "object_repr": "CategoryImage id: 20",
      "action_flag": 1,
      "change_message": "[{\"added\": {}}]"
    }
  },
  {
    "model": "admin.logentry",
    "pk": 70,
    "fields": {
      "action_time": "2024-10-07T18:11:30.528Z",
      "user": 1,
      "content_type": 10,
      "object_id": "17",
      "object_repr": "Category id: 17 title: Cameras",
      "action_flag": 2,
      "change_message": "[{\"changed\": {\"name\": \"Category: full details\", \"object\": \"Category id: 18 title: Action Cameras\", \"fields\": [\"Image\"]}}]"
    }
  },
  {
    "model": "admin.logentry",
    "pk": 71,
    "fields": {
      "action_time": "2024-10-07T18:12:07.317Z",
      "user": 1,
      "content_type": 9,
      "object_id": "21",
      "object_repr": "CategoryImage id: 21",
      "action_flag": 1,
      "change_message": "[{\"added\": {}}]"
    }
  },
  {
    "model": "admin.logentry",
    "pk": 72,
    "fields": {
      "action_time": "2024-10-07T18:12:08.945Z",
      "user": 1,
      "content_type": 10,
      "object_id": "17",
      "object_repr": "Category id: 17 title: Cameras",
      "action_flag": 2,
      "change_message": "[{\"changed\": {\"name\": \"Category: full details\", \"object\": \"Category id: 19 title: DSLR Cameras\", \"fields\": [\"Image\"]}}]"
    }
  },
  {
    "model": "admin.logentry",
    "pk": 73,
    "fields": {
      "action_time": "2024-10-07T18:13:30.677Z",
      "user": 1,
      "content_type": 9,
      "object_id": "22",
      "object_repr": "CategoryImage id: 22",
      "action_flag": 1,
      "change_message": "[{\"added\": {}}]"
    }
  },
  {
    "model": "admin.logentry",
    "pk": 74,
    "fields": {
      "action_time": "2024-10-07T18:13:33.900Z",
      "user": 1,
      "content_type": 10,
      "object_id": "17",
      "object_repr": "Category id: 17 title: Cameras",
      "action_flag": 2,
      "change_message": "[{\"changed\": {\"name\": \"Category: full details\", \"object\": \"Category id: 20 title: Camcorder Cameras\", \"fields\": [\"Image\"]}}]"
    }
  },
  {
    "model": "admin.logentry",
    "pk": 75,
    "fields": {
      "action_time": "2024-10-07T18:45:42.735Z",
      "user": 1,
      "content_type": 11,
      "object_id": "1",
      "object_repr": "ID 1: Samsung - Galaxy Tab A9+ - 157 $",
      "action_flag": 1,
      "change_message": "[{\"added\": {}}]"
    }
  },
  {
    "model": "admin.logentry",
    "pk": 76,
    "fields": {
      "action_time": "2024-10-07T18:47:41.000Z",
      "user": 1,
      "content_type": 11,
      "object_id": "1",
      "object_repr": "ID 1: Samsung - Galaxy Tab A9+ - 157.00 $",
      "action_flag": 2,
      "change_message": "[{\"added\": {\"name\": \"Product: image\", \"object\": \"Image url: /media/products/product_1/images/Samsung_-_Galaxy_Tab_A9.jpg for product: Samsung - Galaxy Tab A9+\"}}]"
    }
  },
  {
    "model": "admin.logentry",
    "pk": 77,
    "fields": {
      "action_time": "2024-10-07T18:48:39.650Z",
      "user": 1,
      "content_type": 11,
      "object_id": "1",
      "object_repr": "ID 1: Samsung - Galaxy Tab A9+ - 157.00 $",
      "action_flag": 2,
      "change_message": "[{\"added\": {\"name\": \"Product: image\", \"object\": \"Image url: /media/products/product_1/images/Samsung_-_Galaxy_Tab_A9_1.jpg for product: Samsung - Galaxy Tab A9+\"}}]"
    }
  },
  {
    "model": "admin.logentry",
    "pk": 78,
    "fields": {
      "action_time": "2024-10-07T18:49:14.742Z",
      "user": 1,
      "content_type": 11,
      "object_id": "1",
      "object_repr": "ID 1: Samsung - Galaxy Tab A9+ - 157.00 $",
      "action_flag": 2,
      "change_message": "[{\"added\": {\"name\": \"Product: image\", \"object\": \"Image url: /media/products/product_1/images/Samsung_-_Galaxy_Tab_A9_2.jpg for product: Samsung - Galaxy Tab A9+\"}}]"
    }
  },
  {
    "model": "admin.logentry",
    "pk": 79,
    "fields": {
      "action_time": "2024-10-07T18:52:15.087Z",
      "user": 1,
      "content_type": 17,
      "object_id": "1",
      "object_repr": "Product tag name: Screen Size: 11 inches",
      "action_flag": 1,
      "change_message": "[{\"added\": {}}, {\"added\": {\"name\": \"product and tag\", \"object\": \"ProductAndTag object (1)\"}}]"
    }
  },
  {
    "model": "admin.logentry",
    "pk": 80,
    "fields": {
      "action_time": "2024-10-07T18:52:38.733Z",
      "user": 1,
      "content_type": 17,
      "object_id": "2",
      "object_repr": "Product tag name: Screen Resolution: 1920 x 1200",
      "action_flag": 1,
      "change_message": "[{\"added\": {}}]"
    }
  },
  {
    "model": "admin.logentry",
    "pk": 81,
    "fields": {
      "action_time": "2024-10-07T18:52:58.890Z",
      "user": 1,
      "content_type": 17,
      "object_id": "3",
      "object_repr": "Product tag name: Processor Model: Qualcomm Snapdragon 695 (SM6375)",
      "action_flag": 1,
      "change_message": "[{\"added\": {}}, {\"added\": {\"name\": \"product and tag\", \"object\": \"ProductAndTag object (2)\"}}]"
    }
  },
  {
    "model": "admin.logentry",
    "pk": 82,
    "fields": {
      "action_time": "2024-10-07T18:53:18.317Z",
      "user": 1,
      "content_type": 11,
      "object_id": "1",
      "object_repr": "ID 1: Samsung - Galaxy Tab A9+ - 157.00 $",
      "action_flag": 2,
      "change_message": "[{\"added\": {\"name\": \"product and tag\", \"object\": \"ProductAndTag object (3)\"}}]"
    }
  },
  {
    "model": "admin.logentry",
    "pk": 83,
    "fields": {
      "action_time": "2024-10-07T18:57:33.962Z",
      "user": 1,
      "content_type": 17,
      "object_id": "1",
      "object_repr": "Product tag name: Samsung",
      "action_flag": 2,
      "change_message": "[{\"changed\": {\"fields\": [\"Name\"]}}]"
    }
  },
  {
    "model": "admin.logentry",
    "pk": 84,
    "fields": {
      "action_time": "2024-10-07T18:57:53.309Z",
      "user": 1,
      "content_type": 14,
      "object_id": "1",
      "object_repr": "Product specification name: Screen Size value: 11 inches",
      "action_flag": 1,
      "change_message": "[{\"added\": {}}]"
    }
  },
  {
    "model": "admin.logentry",
    "pk": 85,
    "fields": {
      "action_time": "2024-10-07T18:57:54.699Z",
      "user": 1,
      "content_type": 11,
      "object_id": "1",
      "object_repr": "ID 1: Samsung - Galaxy Tab A9+ - 157.00 $",
      "action_flag": 2,
      "change_message": "[{\"added\": {\"name\": \"product and specification\", \"object\": \"ProductAndSpecification object (1)\"}}]"
    }
  },
  {
    "model": "admin.logentry",
    "pk": 86,
    "fields": {
      "action_time": "2024-10-07T18:58:33.581Z",
      "user": 1,
      "content_type": 17,
      "object_id": "3",
      "object_repr": "Product tag name: Top tablets",
      "action_flag": 2,
      "change_message": "[{\"changed\": {\"fields\": [\"Name\"]}}]"
    }
  },
  {
    "model": "admin.logentry",
    "pk": 87,
    "fields": {
      "action_time": "2024-10-07T18:58:51.006Z",
      "user": 1,
      "content_type": 14,
      "object_id": "2",
      "object_repr": "Product specification name: Processor Model value: Qualcomm Snapdragon 695 (SM6375)",
      "action_flag": 1,
      "change_message": "[{\"added\": {}}]"
    }
  },
  {
    "model": "admin.logentry",
    "pk": 88,
    "fields": {
      "action_time": "2024-10-07T18:58:51.970Z",
      "user": 1,
      "content_type": 11,
      "object_id": "1",
      "object_repr": "ID 1: Samsung - Galaxy Tab A9+ - 157.00 $",
      "action_flag": 2,
      "change_message": "[{\"added\": {\"name\": \"product and specification\", \"object\": \"ProductAndSpecification object (2)\"}}]"
    }
  },
  {
    "model": "admin.logentry",
    "pk": 89,
    "fields": {
      "action_time": "2024-10-07T18:59:16.042Z",
      "user": 1,
      "content_type": 17,
      "object_id": "2",
      "object_repr": "Product tag name: to be set",
      "action_flag": 2,
      "change_message": "[{\"changed\": {\"fields\": [\"Name\"]}}]"
    }
  },
  {
    "model": "admin.logentry",
    "pk": 90,
    "fields": {
      "action_time": "2024-10-07T18:59:26.769Z",
      "user": 1,
      "content_type": 14,
      "object_id": "3",
      "object_repr": "Product specification name: Screen Resolution value: 1920 x 1200",
      "action_flag": 1,
      "change_message": "[{\"added\": {}}]"
    }
  },
  {
    "model": "admin.logentry",
    "pk": 91,
    "fields": {
      "action_time": "2024-10-07T18:59:28.309Z",
      "user": 1,
      "content_type": 11,
      "object_id": "1",
      "object_repr": "ID 1: Samsung - Galaxy Tab A9+ - 157.00 $",
      "action_flag": 2,
      "change_message": "[{\"added\": {\"name\": \"product and specification\", \"object\": \"ProductAndSpecification object (3)\"}}]"
    }
  },
  {
    "model": "admin.logentry",
    "pk": 92,
    "fields": {
      "action_time": "2024-10-07T19:01:40.754Z",
      "user": 1,
      "content_type": 11,
      "object_id": "1",
      "object_repr": "ID 1: Samsung - Galaxy Tab A9+ - 157.00 $",
      "action_flag": 2,
      "change_message": "[{\"changed\": {\"fields\": [\"Shot description\"]}}]"
    }
  },
  {
    "model": "admin.logentry",
    "pk": 93,
    "fields": {
      "action_time": "2024-10-07T19:03:29.027Z",
      "user": 1,
      "content_type": 11,
      "object_id": "1",
      "object_repr": "ID 1: Samsung - Galaxy Tab A9+ - 157.00 $",
      "action_flag": 2,
      "change_message": "[{\"changed\": {\"fields\": [\"Full description\"]}}]"
    }
  },
  {
    "model": "admin.logentry",
    "pk": 94,
    "fields": {
      "action_time": "2024-10-07T19:08:34.777Z",
      "user": 1,
      "content_type": 11,
      "object_id": "1",
      "object_repr": "ID 1: Samsung - Galaxy Tab A9+ - 157.00 $",
      "action_flag": 2,
      "change_message": "[{\"changed\": {\"fields\": [\"Full description\"]}}]"
    }
  },
  {
    "model": "admin.logentry",
    "pk": 95,
    "fields": {
      "action_time": "2024-10-07T19:09:44.376Z",
      "user": 1,
      "content_type": 11,
      "object_id": "1",
      "object_repr": "ID 1: Samsung - Galaxy Tab A9+ - 157.00 $",
      "action_flag": 2,
      "change_message": "[{\"deleted\": {\"name\": \"product and tag\", \"object\": \"ProductAndTag object (None)\"}}]"
    }
  },
  {
    "model": "admin.logentry",
    "pk": 96,
    "fields": {
      "action_time": "2024-10-07T19:10:12.910Z",
      "user": 1,
      "content_type": 11,
      "object_id": "1",
      "object_repr": "ID 1: Samsung - Galaxy Tab A9+ - 157.00 $",
      "action_flag": 2,
      "change_message": "[{\"changed\": {\"fields\": [\"Sorting index\", \"Is limited\", \"Free delivery\"]}}]"
    }
  },
  {
    "model": "admin.logentry",
    "pk": 97,
    "fields": {
      "action_time": "2024-10-07T19:12:21.217Z",
      "user": 1,
      "content_type": 11,
      "object_id": "1",
      "object_repr": "ID 1: Samsung - Galaxy Tab A9+ - 157.00 $",
      "action_flag": 2,
      "change_message": "[{\"changed\": {\"fields\": [\"Is sales\"]}}]"
    }
  },
  {
    "model": "admin.logentry",
    "pk": 98,
    "fields": {
      "action_time": "2024-10-08T07:36:57.795Z",
      "user": 1,
      "content_type": 14,
      "object_id": "4",
      "object_repr": "Product specification name: Total Storage Capacity value: 256 gigabytes",
      "action_flag": 1,
      "change_message": "[{\"added\": {}}]"
    }
  },
  {
    "model": "admin.logentry",
    "pk": 99,
    "fields": {
      "action_time": "2024-10-08T07:37:14.331Z",
      "user": 1,
      "content_type": 14,
      "object_id": "5",
      "object_repr": "Product specification name: Operating System value: Android 13",
      "action_flag": 1,
      "change_message": "[{\"added\": {}}]"
    }
  },
  {
    "model": "admin.logentry",
    "pk": 100,
    "fields": {
      "action_time": "2024-10-08T07:37:54.501Z",
      "user": 1,
      "content_type": 14,
      "object_id": "6",
      "object_repr": "Product specification name: System Memory (RAM) value: 8 gigabytes",
      "action_flag": 1,
      "change_message": "[{\"added\": {}}]"
    }
  },
  {
    "model": "admin.logentry",
    "pk": 101,
    "fields": {
      "action_time": "2024-10-08T07:38:56.644Z",
      "user": 1,
      "content_type": 14,
      "object_id": "7",
      "object_repr": "Product specification name: Battery Capacity value: 7040 milliampere hours",
      "action_flag": 1,
      "change_message": "[{\"added\": {}}]"
    }
  },
  {
    "model": "admin.logentry",
    "pk": 102,
    "fields": {
      "action_time": "2024-10-08T07:39:12.963Z",
      "user": 1,
      "content_type": 14,
      "object_id": "8",
      "object_repr": "Product specification name: Battery Type value: Lithium-ion",
      "action_flag": 1,
      "change_message": "[{\"added\": {}}]"
    }
  },
  {
    "model": "admin.logentry",
    "pk": 103,
    "fields": {
      "action_time": "2024-10-08T07:39:14.250Z",
      "user": 1,
      "content_type": 11,
      "object_id": "1",
      "object_repr": "ID 1: Samsung - Galaxy Tab A9+ - 157.00 $",
      "action_flag": 2,
      "change_message": "[{\"added\": {\"name\": \"product and specification\", \"object\": \"ProductAndSpecification object (4)\"}}, {\"added\": {\"name\": \"product and specification\", \"object\": \"ProductAndSpecification object (5)\"}}, {\"added\": {\"name\": \"product and specification\", \"object\": \"ProductAndSpecification object (6)\"}}, {\"added\": {\"name\": \"product and specification\", \"object\": \"ProductAndSpecification object (7)\"}}, {\"added\": {\"name\": \"product and specification\", \"object\": \"ProductAndSpecification object (8)\"}}]"
    }
  },
  {
    "model": "admin.logentry",
    "pk": 104,
    "fields": {
      "action_time": "2024-10-08T07:40:20.993Z",
      "user": 1,
      "content_type": 17,
      "object_id": "3",
      "object_repr": "Product tag name: Android",
      "action_flag": 2,
      "change_message": "[{\"changed\": {\"fields\": [\"Name\"]}}]"
    }
  },
  {
    "model": "admin.logentry",
    "pk": 105,
    "fields": {
      "action_time": "2024-10-08T07:40:31.818Z",
      "user": 1,
      "content_type": 11,
      "object_id": "1",
      "object_repr": "ID 1: Samsung - Galaxy Tab A9+ - 157.00 $",
      "action_flag": 2,
      "change_message": "[]"
    }
  },
  {
    "model": "admin.logentry",
    "pk": 106,
    "fields": {
      "action_time": "2024-10-08T07:43:31.957Z",
      "user": 1,
      "content_type": 11,
      "object_id": "2",
      "object_repr": "ID 2: Apple - 13-inch iPad Pro M4 - 1118 $",
      "action_flag": 1,
      "change_message": "[{\"added\": {}}]"
    }
  },
  {
    "model": "admin.logentry",
    "pk": 107,
    "fields": {
      "action_time": "2024-10-08T07:44:10.175Z",
      "user": 1,
      "content_type": 11,
      "object_id": "2",
      "object_repr": "ID 2: Apple - 13-inch iPad Pro M4 - 1118.00 $",
      "action_flag": 2,
      "change_message": "[{\"added\": {\"name\": \"Product: image\", \"object\": \"Image url: /media/products/product_2/images/tab_apple.jpg for product: Apple - 13-inch iPad Pro M4\"}}]"
    }
  },
  {
    "model": "admin.logentry",
    "pk": 108,
    "fields": {
      "action_time": "2024-10-08T07:45:56.498Z",
      "user": 1,
      "content_type": 11,
      "object_id": "2",
      "object_repr": "ID 2: Apple - 13-inch iPad Pro M4 - 1118.00 $",
      "action_flag": 2,
      "change_message": "[{\"added\": {\"name\": \"Product: image\", \"object\": \"Image url: /media/products/product_2/images/tab_apple_1.jpg for product: Apple - 13-inch iPad Pro M4\"}}, {\"added\": {\"name\": \"Product: image\", \"object\": \"Image url: /media/products/product_2/images/tab_apple_2.jpg for product: Apple - 13-inch iPad Pro M4\"}}]"
    }
  },
  {
    "model": "admin.logentry",
    "pk": 109,
    "fields": {
      "action_time": "2024-10-08T07:46:11.002Z",
      "user": 1,
      "content_type": 17,
      "object_id": "4",
      "object_repr": "Product tag name: Apple",
      "action_flag": 1,
      "change_message": "[{\"added\": {}}]"
    }
  },
  {
    "model": "admin.logentry",
    "pk": 110,
    "fields": {
      "action_time": "2024-10-08T07:46:51.068Z",
      "user": 1,
      "content_type": 17,
      "object_id": "5",
      "object_repr": "Product tag name: IOS",
      "action_flag": 1,
      "change_message": "[{\"added\": {}}]"
    }
  },
  {
    "model": "admin.logentry",
    "pk": 111,
    "fields": {
      "action_time": "2024-10-08T07:47:03.271Z",
      "user": 1,
      "content_type": 11,
      "object_id": "2",
      "object_repr": "ID 2: Apple - 13-inch iPad Pro M4 - 1118.00 $",
      "action_flag": 2,
      "change_message": "[{\"added\": {\"name\": \"product and tag\", \"object\": \"ProductAndTag object (4)\"}}, {\"added\": {\"name\": \"product and tag\", \"object\": \"ProductAndTag object (5)\"}}]"
    }
  },
  {
    "model": "admin.logentry",
    "pk": 112,
    "fields": {
      "action_time": "2024-10-08T07:48:25.444Z",
      "user": 1,
      "content_type": 14,
      "object_id": "9",
      "object_repr": "Product specification name: Screen Resolution value: 2752 x 2064",
      "action_flag": 1,
      "change_message": "[{\"added\": {}}]"
    }
  },
  {
    "model": "admin.logentry",
    "pk": 113,
    "fields": {
      "action_time": "2024-10-08T07:48:38.951Z",
      "user": 1,
      "content_type": 14,
      "object_id": "10",
      "object_repr": "Product specification name: Processor Model value: Apple M4",
      "action_flag": 1,
      "change_message": "[{\"added\": {}}]"
    }
  },
  {
    "model": "admin.logentry",
    "pk": 114,
    "fields": {
      "action_time": "2024-10-08T07:48:52.660Z",
      "user": 1,
      "content_type": 14,
      "object_id": "11",
      "object_repr": "Product specification name: Total Storage Capacity value: 512 gigabytes",
      "action_flag": 1,
      "change_message": "[{\"added\": {}}]"
    }
  },
  {
    "model": "admin.logentry",
    "pk": 115,
    "fields": {
      "action_time": "2024-10-08T07:48:57.442Z",
      "user": 1,
      "content_type": 11,
      "object_id": "2",
      "object_repr": "ID 2: Apple - 13-inch iPad Pro M4 - 1118.00 $",
      "action_flag": 2,
      "change_message": "[{\"added\": {\"name\": \"product and specification\", \"object\": \"ProductAndSpecification object (9)\"}}, {\"added\": {\"name\": \"product and specification\", \"object\": \"ProductAndSpecification object (10)\"}}, {\"added\": {\"name\": \"product and specification\", \"object\": \"ProductAndSpecification object (11)\"}}, {\"added\": {\"name\": \"product and specification\", \"object\": \"ProductAndSpecification object (12)\"}}]"
    }
  },
  {
    "model": "admin.logentry",
    "pk": 116,
    "fields": {
      "action_time": "2024-10-08T07:49:13.630Z",
      "user": 1,
      "content_type": 14,
      "object_id": "12",
      "object_repr": "Product specification name: Operating System value: Apple iPadOS",
      "action_flag": 1,
      "change_message": "[{\"added\": {}}]"
    }
  },
  {
    "model": "admin.logentry",
    "pk": 117,
    "fields": {
      "action_time": "2024-10-08T07:49:58.097Z",
      "user": 1,
      "content_type": 14,
      "object_id": "13",
      "object_repr": "Product specification name: System Memory (RAM) value: 8 gigabytes",
      "action_flag": 1,
      "change_message": "[{\"added\": {}}]"
    }
  },
  {
    "model": "admin.logentry",
    "pk": 118,
    "fields": {
      "action_time": "2024-10-08T07:50:24.494Z",
      "user": 1,
      "content_type": 11,
      "object_id": "2",
      "object_repr": "ID 2: Apple - 13-inch iPad Pro M4 - 1118.00 $",
      "action_flag": 2,
      "change_message": "[{\"added\": {\"name\": \"product and specification\", \"object\": \"ProductAndSpecification object (13)\"}}, {\"added\": {\"name\": \"product and specification\", \"object\": \"ProductAndSpecification object (14)\"}}, {\"added\": {\"name\": \"product and specification\", \"object\": \"ProductAndSpecification object (15)\"}}]"
    }
  },
  {
    "model": "admin.logentry",
    "pk": 119,
    "fields": {
      "action_time": "2024-10-08T07:52:52.520Z",
      "user": 1,
      "content_type": 11,
      "object_id": "3",
      "object_repr": "ID 3: Microsoft - Surface Pro - Copilot+ PC - 1012 $",
      "action_flag": 1,
      "change_message": "[{\"added\": {}}]"
    }
  },
  {
    "model": "admin.logentry",
    "pk": 120,
    "fields": {
      "action_time": "2024-10-08T07:54:01.869Z",
      "user": 1,
      "content_type": 11,
      "object_id": "3",
      "object_repr": "ID 3: Microsoft - Surface Pro - Copilot+ PC - 1012.00 $",
      "action_flag": 2,
      "change_message": "[{\"added\": {\"name\": \"Product: image\", \"object\": \"Image url: /media/products/product_3/images/tab_mic.jpg for product: Microsoft - Surface Pro - Copilot+ PC\"}}, {\"added\": {\"name\": \"Product: image\", \"object\": \"Image url: /media/products/product_3/images/tab_mic_1.jpg for product: Microsoft - Surface Pro - Copilot+ PC\"}}, {\"added\": {\"name\": \"Product: image\", \"object\": \"Image url: /media/products/product_3/images/tab_mic_2.jpg for product: Microsoft - Surface Pro - Copilot+ PC\"}}]"
    }
  },
  {
    "model": "admin.logentry",
    "pk": 121,
    "fields": {
      "action_time": "2024-10-08T07:54:15.569Z",
      "user": 1,
      "content_type": 17,
      "object_id": "6",
      "object_repr": "Product tag name: Microsoft",
      "action_flag": 1,
      "change_message": "[{\"added\": {}}]"
    }
  },
  {
    "model": "admin.logentry",
    "pk": 122,
    "fields": {
      "action_time": "2024-10-08T07:54:36.925Z",
      "user": 1,
      "content_type": 17,
      "object_id": "7",
      "object_repr": "Product tag name: Windows",
      "action_flag": 1,
      "change_message": "[{\"added\": {}}]"
    }
  },
  {
    "model": "admin.logentry",
    "pk": 123,
    "fields": {
      "action_time": "2024-10-08T07:55:05.871Z",
      "user": 1,
      "content_type": 14,
      "object_id": "14",
      "object_repr": "Product specification name: Screen Size value: 13 inches",
      "action_flag": 1,
      "change_message": "[{\"added\": {}}]"
    }
  },
  {
    "model": "admin.logentry",
    "pk": 124,
    "fields": {
      "action_time": "2024-10-08T07:55:27.511Z",
      "user": 1,
      "content_type": 14,
      "object_id": "15",
      "object_repr": "Product specification name: Screen Resolution value: 2880 x 1920",
      "action_flag": 1,
      "change_message": "[{\"added\": {}}]"
    }
  },
  {
    "model": "admin.logentry",
    "pk": 125,
    "fields": {
      "action_time": "2024-10-08T07:55:44.252Z",
      "user": 1,
      "content_type": 14,
      "object_id": "16",
      "object_repr": "Product specification name: Processor Model value: Qualcomm Snapdragon X Plus",
      "action_flag": 1,
      "change_message": "[{\"added\": {}}]"
    }
  },
  {
    "model": "admin.logentry",
    "pk": 126,
    "fields": {
      "action_time": "2024-10-08T07:56:06.745Z",
      "user": 1,
      "content_type": 14,
      "object_id": "17",
      "object_repr": "Product specification name: Operating System value: Windows 11 Home",
      "action_flag": 1,
      "change_message": "[{\"added\": {}}]"
    }
  },
  {
    "model": "admin.logentry",
    "pk": 127,
    "fields": {
      "action_time": "2024-10-08T07:56:45.857Z",
      "user": 1,
      "content_type": 14,
      "object_id": "18",
      "object_repr": "Product specification name: Brand value: Microsoft",
      "action_flag": 1,
      "change_message": "[{\"added\": {}}]"
    }
  },
  {
    "model": "admin.logentry",
    "pk": 128,
    "fields": {
      "action_time": "2024-10-08T07:57:12.158Z",
      "user": 1,
      "content_type": 14,
      "object_id": "19",
      "object_repr": "Product specification name: System Memory (RAM) value: 16 gigabytes",
      "action_flag": 1,
      "change_message": "[{\"added\": {}}]"
    }
  },
  {
    "model": "admin.logentry",
    "pk": 129,
    "fields": {
      "action_time": "2024-10-08T07:57:27.508Z",
      "user": 1,
      "content_type": 11,
      "object_id": "3",
      "object_repr": "ID 3: Microsoft - Surface Pro - Copilot+ PC - 1012.00 $",
      "action_flag": 2,
      "change_message": "[{\"added\": {\"name\": \"product and tag\", \"object\": \"ProductAndTag object (6)\"}}, {\"added\": {\"name\": \"product and tag\", \"object\": \"ProductAndTag object (7)\"}}, {\"added\": {\"name\": \"product and specification\", \"object\": \"ProductAndSpecification object (16)\"}}, {\"added\": {\"name\": \"product and specification\", \"object\": \"ProductAndSpecification object (17)\"}}, {\"added\": {\"name\": \"product and specification\", \"object\": \"ProductAndSpecification object (18)\"}}, {\"added\": {\"name\": \"product and specification\", \"object\": \"ProductAndSpecification object (19)\"}}, {\"added\": {\"name\": \"product and specification\", \"object\": \"ProductAndSpecification object (20)\"}}, {\"added\": {\"name\": \"product and specification\", \"object\": \"ProductAndSpecification object (21)\"}}, {\"added\": {\"name\": \"product and specification\", \"object\": \"ProductAndSpecification object (22)\"}}, {\"added\": {\"name\": \"product and specification\", \"object\": \"ProductAndSpecification object (23)\"}}]"
    }
  },
  {
    "model": "admin.logentry",
    "pk": 130,
    "fields": {
      "action_time": "2024-10-08T07:57:34.781Z",
      "user": 1,
      "content_type": 11,
      "object_id": "3",
      "object_repr": "ID 3: Microsoft - Surface Pro - Copilot+ PC - 1012.00 $",
      "action_flag": 2,
      "change_message": "[]"
    }
  },
  {
    "model": "admin.logentry",
    "pk": 131,
    "fields": {
      "action_time": "2024-10-08T07:58:36.973Z",
      "user": 1,
      "content_type": 11,
      "object_id": "2",
      "object_repr": "ID 2: Apple - 13-inch iPad Pro M4 - 1118.00 $",
      "action_flag": 2,
      "change_message": "[{\"changed\": {\"fields\": [\"Shot description\"]}}]"
    }
  },
  {
    "model": "admin.logentry",
    "pk": 132,
    "fields": {
      "action_time": "2024-10-08T08:23:14.774Z",
      "user": 1,
      "content_type": 11,
      "object_id": "1",
      "object_repr": "ID 1: Samsung - Galaxy Tab A9+ - 10000 $",
      "action_flag": 2,
      "change_message": "[{\"changed\": {\"fields\": [\"Sales price\"]}}]"
    }
  },
  {
    "model": "admin.logentry",
    "pk": 133,
    "fields": {
      "action_time": "2024-10-08T08:24:03.003Z",
      "user": 1,
      "content_type": 11,
      "object_id": "1",
      "object_repr": "ID 1: Samsung - Galaxy Tab A9+ - 140 $",
      "action_flag": 2,
      "change_message": "[{\"changed\": {\"fields\": [\"Sales price\"]}}]"
    }
  },
  {
    "model": "admin.logentry",
    "pk": 134,
    "fields": {
      "action_time": "2024-10-08T08:24:27.049Z",
      "user": 1,
      "content_type": 11,
      "object_id": "1",
      "object_repr": "ID 1: Samsung - Galaxy Tab A9+ - 140.00 $",
      "action_flag": 2,
      "change_message": "[{\"changed\": {\"fields\": [\"Sales from\", \"Sales to\"]}}]"
    }
  },
  {
    "model": "admin.logentry",
    "pk": 135,
    "fields": {
      "action_time": "2024-10-08T08:34:48.030Z",
      "user": 1,
      "content_type": 11,
      "object_id": "1",
      "object_repr": "ID 1: Samsung - Galaxy Tab A9+ - 157.00 $",
      "action_flag": 2,
      "change_message": "[{\"changed\": {\"fields\": [\"Sales from\", \"Sales to\", \"Sales price\"]}}]"
    }
  },
  {
    "model": "admin.logentry",
    "pk": 136,
    "fields": {
      "action_time": "2024-10-08T08:35:53.339Z",
      "user": 1,
      "content_type": 11,
      "object_id": "1",
      "object_repr": "ID 1: Samsung - Galaxy Tab A9+ - 157.00 $",
      "action_flag": 2,
      "change_message": "[]"
    }
  },
  {
    "model": "admin.logentry",
    "pk": 137,
    "fields": {
      "action_time": "2024-10-08T08:35:59.643Z",
      "user": 1,
      "content_type": 11,
      "object_id": "1",
      "object_repr": "ID 1: Samsung - Galaxy Tab A9+ - 157.00 $",
      "action_flag": 2,
      "change_message": "[]"
    }
  },
  {
    "model": "admin.logentry",
    "pk": 138,
    "fields": {
      "action_time": "2024-10-08T08:36:04.094Z",
      "user": 1,
      "content_type": 11,
      "object_id": "1",
      "object_repr": "ID 1: Samsung - Galaxy Tab A9+ - 157.00 $",
      "action_flag": 2,
      "change_message": "[]"
    }
  },
  {
    "model": "admin.logentry",
    "pk": 139,
    "fields": {
      "action_time": "2024-10-08T08:36:59.498Z",
      "user": 1,
      "content_type": 11,
      "object_id": "1",
      "object_repr": "ID 1: Samsung - Galaxy Tab A9+ - 157.00 $",
      "action_flag": 2,
      "change_message": "[{\"changed\": {\"fields\": [\"Is sales\"]}}]"
    }
  },
  {
    "model": "admin.logentry",
    "pk": 140,
    "fields": {
      "action_time": "2024-10-08T08:37:13.424Z",
      "user": 1,
      "content_type": 11,
      "object_id": "1",
      "object_repr": "ID 1: Samsung - Galaxy Tab A9+ - 140 $",
      "action_flag": 2,
      "change_message": "[{\"changed\": {\"fields\": [\"Is sales\", \"Sales price\"]}}]"
    }
  },
  {
    "model": "admin.logentry",
    "pk": 141,
    "fields": {
      "action_time": "2024-10-08T08:37:50.087Z",
      "user": 1,
      "content_type": 11,
      "object_id": "3",
      "object_repr": "ID 3: Microsoft - Surface Pro - Copilot+ PC - 1000 $",
      "action_flag": 2,
      "change_message": "[{\"changed\": {\"fields\": [\"Sales from\", \"Sales to\", \"Sales price\"]}}]"
    }
  },
  {
    "model": "admin.logentry",
    "pk": 142,
    "fields": {
      "action_time": "2024-10-08T09:24:06.987Z",
      "user": 1,
      "content_type": 11,
      "object_id": "4",
      "object_repr": "ID 4: MSI - Katana 15 15.6\" 144Hz FHD Gaming Laptop-Ryzen 9-8945HS with 16GB Memory-RTX 4070-1TB SSD - Black - 1499 $",
      "action_flag": 1,
      "change_message": "[{\"added\": {}}]"
    }
  },
  {
    "model": "admin.logentry",
    "pk": 143,
    "fields": {
      "action_time": "2024-10-08T09:25:38.126Z",
      "user": 1,
      "content_type": 17,
      "object_id": "8",
      "object_repr": "Product tag name: MSI",
      "action_flag": 1,
      "change_message": "[{\"added\": {}}]"
    }
  },
  {
    "model": "admin.logentry",
    "pk": 144,
    "fields": {
      "action_time": "2024-10-08T09:25:53.944Z",
      "user": 1,
      "content_type": 11,
      "object_id": "4",
      "object_repr": "ID 4: MSI - Katana 15 15.6\" 144Hz FHD Gaming Laptop-Ryzen 9-8945HS with 16GB Memory-RTX 4070-1TB SSD - Black - 1499.00 $",
      "action_flag": 2,
      "change_message": "[{\"added\": {\"name\": \"Product: image\", \"object\": \"Image url: /media/products/product_4/images/laptop_msi.jpg for product: MSI - Katana 15 15.6\\\" 144Hz FHD Gaming Laptop-Ryzen 9-8945HS with 16GB Memory-RTX 4070-1TB SSD - Black\"}}, {\"added\": {\"name\": \"Product: image\", \"object\": \"Image url: /media/products/product_4/images/laptop_msi_1.jpg for product: MSI - Katana 15 15.6\\\" 144Hz FHD Gaming Laptop-Ryzen 9-8945HS with 16GB Memory-RTX 4070-1TB SSD - Black\"}}, {\"added\": {\"name\": \"Product: image\", \"object\": \"Image url: /media/products/product_4/images/laptop_msi_2.jpg for product: MSI - Katana 15 15.6\\\" 144Hz FHD Gaming Laptop-Ryzen 9-8945HS with 16GB Memory-RTX 4070-1TB SSD - Black\"}}, {\"added\": {\"name\": \"product and tag\", \"object\": \"ProductAndTag object (8)\"}}, {\"added\": {\"name\": \"product and tag\", \"object\": \"ProductAndTag object (9)\"}}]"
    }
  },
  {
    "model": "admin.logentry",
    "pk": 145,
    "fields": {
      "action_time": "2024-10-08T09:26:13.025Z",
      "user": 1,
      "content_type": 14,
      "object_id": "20",
      "object_repr": "Product specification name: Screen Size value: 15.6 inches",
      "action_flag": 1,
      "change_message": "[{\"added\": {}}]"
    }
  },
  {
    "model": "admin.logentry",
    "pk": 146,
    "fields": {
      "action_time": "2024-10-08T09:26:40.149Z",
      "user": 1,
      "content_type": 14,
      "object_id": "21",
      "object_repr": "Product specification name: Screen Resolution value: 1920 x 1080 (Full HD)",
      "action_flag": 1,
      "change_message": "[{\"added\": {}}]"
    }
  },
  {
    "model": "admin.logentry",
    "pk": 147,
    "fields": {
      "action_time": "2024-10-08T09:26:51.857Z",
      "user": 1,
      "content_type": 14,
      "object_id": "22",
      "object_repr": "Product specification name: Processor Model value: AMD Ryzen 9 8000 Series",
      "action_flag": 1,
      "change_message": "[{\"added\": {}}]"
    }
  },
  {
    "model": "admin.logentry",
    "pk": 148,
    "fields": {
      "action_time": "2024-10-08T09:27:10.771Z",
      "user": 1,
      "content_type": 14,
      "object_id": "23",
      "object_repr": "Product specification name: Total Storage Capacity value: 1000 gigabytes",
      "action_flag": 1,
      "change_message": "[{\"added\": {}}]"
    }
  },
  {
    "model": "admin.logentry",
    "pk": 149,
    "fields": {
      "action_time": "2024-10-08T09:27:24.094Z",
      "user": 1,
      "content_type": 14,
      "object_id": "24",
      "object_repr": "Product specification name: System Memory (RAM) value: 16 gigabytes",
      "action_flag": 1,
      "change_message": "[{\"added\": {}}]"
    }
  },
  {
    "model": "admin.logentry",
    "pk": 150,
    "fields": {
      "action_time": "2024-10-08T09:27:36.869Z",
      "user": 1,
      "content_type": 14,
      "object_id": "25",
      "object_repr": "Product specification name: Graphics value: NVIDIA GeForce RTX 4070",
      "action_flag": 1,
      "change_message": "[{\"added\": {}}]"
    }
  },
  {
    "model": "admin.logentry",
    "pk": 151,
    "fields": {
      "action_time": "2024-10-08T09:27:52.816Z",
      "user": 1,
      "content_type": 14,
      "object_id": "26",
      "object_repr": "Product specification name: Refresh Rate value: 144Hz",
      "action_flag": 1,
      "change_message": "[{\"added\": {}}]"
    }
  },
  {
    "model": "admin.logentry",
    "pk": 152,
    "fields": {
      "action_time": "2024-10-08T09:28:13.072Z",
      "user": 1,
      "content_type": 14,
      "object_id": "27",
      "object_repr": "Product specification name: Battery Type value: Lithium-polymer",
      "action_flag": 1,
      "change_message": "[{\"added\": {}}]"
    }
  },
  {
    "model": "admin.logentry",
    "pk": 153,
    "fields": {
      "action_time": "2024-10-08T09:28:42.584Z",
      "user": 1,
      "content_type": 11,
      "object_id": "4",
      "object_repr": "ID 4: MSI - Katana 15 15.6\" 144Hz FHD Gaming Laptop-Ryzen 9-8945HS with 16GB Memory-RTX 4070-1TB SSD - Black - 1499.00 $",
      "action_flag": 2,
      "change_message": "[{\"added\": {\"name\": \"product and specification\", \"object\": \"ProductAndSpecification object (24)\"}}, {\"added\": {\"name\": \"product and specification\", \"object\": \"ProductAndSpecification object (25)\"}}, {\"added\": {\"name\": \"product and specification\", \"object\": \"ProductAndSpecification object (26)\"}}, {\"added\": {\"name\": \"product and specification\", \"object\": \"ProductAndSpecification object (27)\"}}, {\"added\": {\"name\": \"product and specification\", \"object\": \"ProductAndSpecification object (28)\"}}, {\"added\": {\"name\": \"product and specification\", \"object\": \"ProductAndSpecification object (29)\"}}, {\"added\": {\"name\": \"product and specification\", \"object\": \"ProductAndSpecification object (30)\"}}, {\"added\": {\"name\": \"product and specification\", \"object\": \"ProductAndSpecification object (31)\"}}]"
    }
  },
  {
    "model": "admin.logentry",
    "pk": 154,
    "fields": {
      "action_time": "2024-10-08T09:45:03.155Z",
      "user": 1,
      "content_type": 11,
      "object_id": "4",
      "object_repr": "ID 4: MSI - Katana 15 15.6\", CROSSHAIR1614057 - 1499.00 $",
      "action_flag": 2,
      "change_message": "[{\"changed\": {\"fields\": [\"Title\", \"Shot description\"]}}]"
    }
  },
  {
    "model": "admin.logentry",
    "pk": 155,
    "fields": {
      "action_time": "2024-10-08T09:49:36.267Z",
      "user": 1,
      "content_type": 11,
      "object_id": "5",
      "object_repr": "ID 5: Laptop  Apple - MacBook Pro 14\" - M3 Pro - 1700 $",
      "action_flag": 1,
      "change_message": "[{\"added\": {}}]"
    }
  },
  {
    "model": "admin.logentry",
    "pk": 156,
    "fields": {
      "action_time": "2024-10-08T09:51:45.230Z",
      "user": 1,
      "content_type": 14,
      "object_id": "28",
      "object_repr": "Product specification name: Screen Type value: Retina Display",
      "action_flag": 1,
      "change_message": "[{\"added\": {}}]"
    }
  },
  {
    "model": "admin.logentry",
    "pk": 157,
    "fields": {
      "action_time": "2024-10-08T09:52:01.472Z",
      "user": 1,
      "content_type": 14,
      "object_id": "29",
      "object_repr": "Product specification name: Screen Size value: 14.2 inches",
      "action_flag": 1,
      "change_message": "[{\"added\": {}}]"
    }
  },
  {
    "model": "admin.logentry",
    "pk": 158,
    "fields": {
      "action_time": "2024-10-08T09:52:13.032Z",
      "user": 1,
      "content_type": 14,
      "object_id": "30",
      "object_repr": "Product specification name: Screen Resolution value: 3024 x 1964",
      "action_flag": 1,
      "change_message": "[{\"added\": {}}]"
    }
  },
  {
    "model": "admin.logentry",
    "pk": 159,
    "fields": {
      "action_time": "2024-10-08T09:52:30.187Z",
      "user": 1,
      "content_type": 14,
      "object_id": "31",
      "object_repr": "Product specification name: Processor Model value: Apple M3 Pro",
      "action_flag": 1,
      "change_message": "[{\"added\": {}}]"
    }
  },
  {
    "model": "admin.logentry",
    "pk": 160,
    "fields": {
      "action_time": "2024-10-08T09:53:00.401Z",
      "user": 1,
      "content_type": 14,
      "object_id": "32",
      "object_repr": "Product specification name: System Memory (RAM) value: 18 gigabytes",
      "action_flag": 1,
      "change_message": "[{\"added\": {}}]"
    }
  },
  {
    "model": "admin.logentry",
    "pk": 161,
    "fields": {
      "action_time": "2024-10-08T09:53:09.584Z",
      "user": 1,
      "content_type": 11,
      "object_id": "5",
      "object_repr": "ID 5: Laptop  Apple - MacBook Pro 14\" - M3 Pro - 1700.00 $",
      "action_flag": 2,
      "change_message": "[{\"added\": {\"name\": \"product and tag\", \"object\": \"ProductAndTag object (10)\"}}, {\"added\": {\"name\": \"product and specification\", \"object\": \"ProductAndSpecification object (32)\"}}, {\"added\": {\"name\": \"product and specification\", \"object\": \"ProductAndSpecification object (33)\"}}, {\"added\": {\"name\": \"product and specification\", \"object\": \"ProductAndSpecification object (34)\"}}, {\"added\": {\"name\": \"product and specification\", \"object\": \"ProductAndSpecification object (35)\"}}, {\"added\": {\"name\": \"product and specification\", \"object\": \"ProductAndSpecification object (36)\"}}, {\"added\": {\"name\": \"product and specification\", \"object\": \"ProductAndSpecification object (37)\"}}, {\"added\": {\"name\": \"product and specification\", \"object\": \"ProductAndSpecification object (38)\"}}]"
    }
  },
  {
    "model": "admin.logentry",
    "pk": 162,
    "fields": {
      "action_time": "2024-10-08T09:53:42.727Z",
      "user": 1,
      "content_type": 14,
      "object_id": "33",
      "object_repr": "Product specification name: Operating System value: macOS Sonoma 14",
      "action_flag": 1,
      "change_message": "[{\"added\": {}}]"
    }
  },
  {
    "model": "admin.logentry",
    "pk": 163,
    "fields": {
      "action_time": "2024-10-08T09:53:44.306Z",
      "user": 1,
      "content_type": 11,
      "object_id": "5",
      "object_repr": "ID 5: Laptop  Apple - MacBook Pro 14\" - M3 Pro - 1700.00 $",
      "action_flag": 2,
      "change_message": "[{\"added\": {\"name\": \"product and specification\", \"object\": \"ProductAndSpecification object (39)\"}}]"
    }
  },
  {
    "model": "admin.logentry",
    "pk": 164,
    "fields": {
      "action_time": "2024-10-08T09:54:33.529Z",
      "user": 1,
      "content_type": 17,
      "object_id": "9",
      "object_repr": "Product tag name: macOS",
      "action_flag": 1,
      "change_message": "[{\"added\": {}}]"
    }
  },
  {
    "model": "admin.logentry",
    "pk": 165,
    "fields": {
      "action_time": "2024-10-08T09:55:34.800Z",
      "user": 1,
      "content_type": 11,
      "object_id": "5",
      "object_repr": "ID 5: Laptop  Apple - MacBook Pro 14\" - M3 Pro - 1700.00 $",
      "action_flag": 2,
      "change_message": "[{\"added\": {\"name\": \"Product: image\", \"object\": \"Image url: /media/products/product_5/images/laptop_mac.jpg for product: Laptop  Apple - MacBook Pro 14\\\" - M3 Pro\"}}, {\"added\": {\"name\": \"Product: image\", \"object\": \"Image url: /media/products/product_5/images/laptop_mac_1.jpg for product: Laptop  Apple - MacBook Pro 14\\\" - M3 Pro\"}}, {\"added\": {\"name\": \"product and tag\", \"object\": \"ProductAndTag object (11)\"}}]"
    }
  },
  {
    "model": "admin.logentry",
    "pk": 166,
    "fields": {
      "action_time": "2024-10-08T09:59:00.672Z",
      "user": 1,
      "content_type": 14,
      "object_id": "34",
      "object_repr": "Product specification name: Screen Size value: 16 inches",
      "action_flag": 1,
      "change_message": "[{\"added\": {}}]"
    }
  },
  {
    "model": "admin.logentry",
    "pk": 167,
    "fields": {
      "action_time": "2024-10-08T09:59:02.303Z",
      "user": 1,
      "content_type": 11,
      "object_id": "6",
      "object_repr": "ID 6: Samsung - Galaxy Book4 Pro 360 2-in1 16\" - 1769 $",
      "action_flag": 1,
      "change_message": "[{\"added\": {}}, {\"added\": {\"name\": \"product and tag\", \"object\": \"ProductAndTag object (12)\"}}, {\"added\": {\"name\": \"product and tag\", \"object\": \"ProductAndTag object (13)\"}}, {\"added\": {\"name\": \"product and specification\", \"object\": \"ProductAndSpecification object (40)\"}}]"
    }
  },
  {
    "model": "admin.logentry",
    "pk": 168,
    "fields": {
      "action_time": "2024-10-08T09:59:11.180Z",
      "user": 1,
      "content_type": 11,
      "object_id": "6",
      "object_repr": "ID 6: Samsung - Galaxy Book4 Pro 360 2-in1 16\" - 1769.00 $",
      "action_flag": 2,
      "change_message": "[{\"changed\": {\"fields\": [\"Sorting index\"]}}]"
    }
  },
  {
    "model": "admin.logentry",
    "pk": 169,
    "fields": {
      "action_time": "2024-10-08T09:59:49.945Z",
      "user": 1,
      "content_type": 14,
      "object_id": "35",
      "object_repr": "Product specification name: Screen Resolution value: 2880 x 1800",
      "action_flag": 1,
      "change_message": "[{\"added\": {}}]"
    }
  },
  {
    "model": "admin.logentry",
    "pk": 170,
    "fields": {
      "action_time": "2024-10-08T10:00:07.833Z",
      "user": 1,
      "content_type": 14,
      "object_id": "36",
      "object_repr": "Product specification name: Processor Model value: Intel Core Ultra 7 Series 1 Evo Edition",
      "action_flag": 1,
      "change_message": "[{\"added\": {}}]"
    }
  },
  {
    "model": "admin.logentry",
    "pk": 171,
    "fields": {
      "action_time": "2024-10-08T10:01:09.895Z",
      "user": 1,
      "content_type": 11,
      "object_id": "6",
      "object_repr": "ID 6: Samsung - Galaxy Book4 Pro 360 2-in1 16\" - 1769.00 $",
      "action_flag": 2,
      "change_message": "[{\"added\": {\"name\": \"product and specification\", \"object\": \"ProductAndSpecification object (41)\"}}, {\"added\": {\"name\": \"product and specification\", \"object\": \"ProductAndSpecification object (42)\"}}, {\"added\": {\"name\": \"product and specification\", \"object\": \"ProductAndSpecification object (43)\"}}, {\"added\": {\"name\": \"product and specification\", \"object\": \"ProductAndSpecification object (44)\"}}, {\"added\": {\"name\": \"product and specification\", \"object\": \"ProductAndSpecification object (45)\"}}]"
    }
  },
  {
    "model": "admin.logentry",
    "pk": 172,
    "fields": {
      "action_time": "2024-10-08T10:02:16.633Z",
      "user": 1,
      "content_type": 11,
      "object_id": "6",
      "object_repr": "ID 6: Samsung - Galaxy Book4 Pro 360 2-in1 16\" - 1769.00 $",
      "action_flag": 2,
      "change_message": "[{\"added\": {\"name\": \"Product: image\", \"object\": \"Image url: /media/products/product_6/images/laptop_sum.jpg for product: Samsung - Galaxy Book4 Pro 360 2-in1 16\\\"\"}}, {\"added\": {\"name\": \"Product: image\", \"object\": \"Image url: /media/products/product_6/images/laptop_sum_1.jpg for product: Samsung - Galaxy Book4 Pro 360 2-in1 16\\\"\"}}]"
    }
  },
  {
    "model": "admin.logentry",
    "pk": 173,
    "fields": {
      "action_time": "2024-10-08T10:02:19.691Z",
      "user": 1,
      "content_type": 11,
      "object_id": "6",
      "object_repr": "ID 6: Samsung - Galaxy Book4 Pro 360 2-in1 16\" - 1769.00 $",
      "action_flag": 2,
      "change_message": "[]"
    }
  },
  {
    "model": "admin.logentry",
    "pk": 174,
    "fields": {
      "action_time": "2024-10-08T10:05:31.294Z",
      "user": 1,
      "content_type": 14,
      "object_id": "37",
      "object_repr": "Product specification name: Refresh Rate value: 180Hz",
      "action_flag": 1,
      "change_message": "[{\"added\": {}}]"
    }
  },
  {
    "model": "admin.logentry",
    "pk": 175,
    "fields": {
      "action_time": "2024-10-08T10:06:06.606Z",
      "user": 1,
      "content_type": 14,
      "object_id": "38",
      "object_repr": "Product specification name: Screen Resolution value: 2560 x 1440",
      "action_flag": 1,
      "change_message": "[{\"added\": {}}]"
    }
  },
  {
    "model": "admin.logentry",
    "pk": 176,
    "fields": {
      "action_time": "2024-10-08T10:06:22.195Z",
      "user": 1,
      "content_type": 14,
      "object_id": "39",
      "object_repr": "Product specification name: Panel Type value: IPS",
      "action_flag": 1,
      "change_message": "[{\"added\": {}}]"
    }
  },
  {
    "model": "admin.logentry",
    "pk": 177,
    "fields": {
      "action_time": "2024-10-08T10:06:37.525Z",
      "user": 1,
      "content_type": 14,
      "object_id": "40",
      "object_repr": "Product specification name: Screen Size value: 27 inches",
      "action_flag": 1,
      "change_message": "[{\"added\": {}}]"
    }
  },
  {
    "model": "admin.logentry",
    "pk": 178,
    "fields": {
      "action_time": "2024-10-08T10:07:55.016Z",
      "user": 1,
      "content_type": 11,
      "object_id": "7",
      "object_repr": "ID 7: MSI - MAG 275QF 27\" QHD - 100 $",
      "action_flag": 1,
      "change_message": "[{\"added\": {}}, {\"added\": {\"name\": \"Product: image\", \"object\": \"Image url: /media/products/product_7/images/monitor_msi.jpg for product: MSI - MAG 275QF 27\\\" QHD\"}}, {\"added\": {\"name\": \"Product: image\", \"object\": \"Image url: /media/products/product_7/images/monitor_msi_1.jpg for product: MSI - MAG 275QF 27\\\" QHD\"}}, {\"added\": {\"name\": \"product and tag\", \"object\": \"ProductAndTag object (14)\"}}, {\"added\": {\"name\": \"product and specification\", \"object\": \"ProductAndSpecification object (46)\"}}, {\"added\": {\"name\": \"product and specification\", \"object\": \"ProductAndSpecification object (47)\"}}, {\"added\": {\"name\": \"product and specification\", \"object\": \"ProductAndSpecification object (48)\"}}, {\"added\": {\"name\": \"product and specification\", \"object\": \"ProductAndSpecification object (49)\"}}]"
    }
  },
  {
    "model": "admin.logentry",
    "pk": 179,
    "fields": {
      "action_time": "2024-10-08T10:19:55.333Z",
      "user": 1,
      "content_type": 14,
      "object_id": "41",
      "object_repr": "Product specification name: Refresh Rate value: 60Hz",
      "action_flag": 1,
      "change_message": "[{\"added\": {}}]"
    }
  },
  {
    "model": "admin.logentry",
    "pk": 180,
    "fields": {
      "action_time": "2024-10-08T10:20:08.113Z",
      "user": 1,
      "content_type": 14,
      "object_id": "42",
      "object_repr": "Product specification name: Screen Resolution value: 5120 x 2880 (5K)",
      "action_flag": 1,
      "change_message": "[{\"added\": {}}]"
    }
  },
  {
    "model": "admin.logentry",
    "pk": 181,
    "fields": {
      "action_time": "2024-10-08T10:22:01.388Z",
      "user": 1,
      "content_type": 14,
      "object_id": "43",
      "object_repr": "Product specification name: Screen Size value: 27 inches",
      "action_flag": 1,
      "change_message": "[{\"added\": {}}]"
    }
  },
  {
    "model": "admin.logentry",
    "pk": 182,
    "fields": {
      "action_time": "2024-10-08T10:22:31.114Z",
      "user": 1,
      "content_type": 14,
      "object_id": "44",
      "object_repr": "Product specification name: Brand value: Apple",
      "action_flag": 1,
      "change_message": "[{\"added\": {}}]"
    }
  },
  {
    "model": "admin.logentry",
    "pk": 183,
    "fields": {
      "action_time": "2024-10-08T10:22:57.869Z",
      "user": 1,
      "content_type": 11,
      "object_id": "8",
      "object_repr": "ID 8: Apple - Studio Display - 1999 $",
      "action_flag": 1,
      "change_message": "[{\"added\": {}}, {\"added\": {\"name\": \"Product: image\", \"object\": \"Image url: /media/products/product_8/images/monitor_apple.jpg for product: Apple - Studio Display\"}}, {\"added\": {\"name\": \"Product: image\", \"object\": \"Image url: /media/products/product_8/images/monitor_apple_1.jpg for product: Apple - Studio Display\"}}, {\"added\": {\"name\": \"product and tag\", \"object\": \"ProductAndTag object (15)\"}}, {\"added\": {\"name\": \"product and specification\", \"object\": \"ProductAndSpecification object (50)\"}}, {\"added\": {\"name\": \"product and specification\", \"object\": \"ProductAndSpecification object (51)\"}}, {\"added\": {\"name\": \"product and specification\", \"object\": \"ProductAndSpecification object (52)\"}}, {\"added\": {\"name\": \"product and specification\", \"object\": \"ProductAndSpecification object (53)\"}}, {\"added\": {\"name\": \"product and specification\", \"object\": \"ProductAndSpecification object (54)\"}}]"
    }
  },
  {
    "model": "admin.logentry",
    "pk": 184,
    "fields": {
      "action_time": "2024-10-08T10:23:01.792Z",
      "user": 1,
      "content_type": 11,
      "object_id": "8",
      "object_repr": "ID 8: Apple - Studio Display - 1999.00 $",
      "action_flag": 2,
      "change_message": "[]"
    }
  },
  {
    "model": "admin.logentry",
    "pk": 185,
    "fields": {
      "action_time": "2024-10-08T10:26:50.554Z",
      "user": 1,
      "content_type": 14,
      "object_id": "45",
      "object_repr": "Product specification name: Processor Model value: Apple M2 Ultra",
      "action_flag": 1,
      "change_message": "[{\"added\": {}}]"
    }
  },
  {
    "model": "admin.logentry",
    "pk": 186,
    "fields": {
      "action_time": "2024-10-08T10:27:15.286Z",
      "user": 1,
      "content_type": 14,
      "object_id": "46",
      "object_repr": "Product specification name: System Memory (RAM) value: 64 gigabytes",
      "action_flag": 1,
      "change_message": "[{\"added\": {}}]"
    }
  },
  {
    "model": "admin.logentry",
    "pk": 187,
    "fields": {
      "action_time": "2024-10-08T10:27:30.022Z",
      "user": 1,
      "content_type": 14,
      "object_id": "47",
      "object_repr": "Product specification name: Graphics value: Apple M2 Ultra 60-core",
      "action_flag": 1,
      "change_message": "[{\"added\": {}}]"
    }
  },
  {
    "model": "admin.logentry",
    "pk": 188,
    "fields": {
      "action_time": "2024-10-08T10:28:18.241Z",
      "user": 1,
      "content_type": 14,
      "object_id": "48",
      "object_repr": "Product specification name: Operating System value: macOS Ventura",
      "action_flag": 1,
      "change_message": "[{\"added\": {}}]"
    }
  },
  {
    "model": "admin.logentry",
    "pk": 189,
    "fields": {
      "action_time": "2024-10-08T10:28:27.172Z",
      "user": 1,
      "content_type": 11,
      "object_id": "9",
      "object_repr": "ID 9: Apple - Mac Studio - M2 Ultra - 3999 $",
      "action_flag": 1,
      "change_message": "[{\"added\": {}}, {\"added\": {\"name\": \"Product: image\", \"object\": \"Image url: /media/products/product_9/images/desktop_apple.jpg for product: Apple - Mac Studio - M2 Ultra\"}}, {\"added\": {\"name\": \"Product: image\", \"object\": \"Image url: /media/products/product_9/images/desktop_apple_1.jpg for product: Apple - Mac Studio - M2 Ultra\"}}, {\"added\": {\"name\": \"product and tag\", \"object\": \"ProductAndTag object (16)\"}}, {\"added\": {\"name\": \"product and tag\", \"object\": \"ProductAndTag object (17)\"}}, {\"added\": {\"name\": \"product and specification\", \"object\": \"ProductAndSpecification object (55)\"}}, {\"added\": {\"name\": \"product and specification\", \"object\": \"ProductAndSpecification object (56)\"}}, {\"added\": {\"name\": \"product and specification\", \"object\": \"ProductAndSpecification object (57)\"}}, {\"added\": {\"name\": \"product and specification\", \"object\": \"ProductAndSpecification object (58)\"}}, {\"added\": {\"name\": \"product and specification\", \"object\": \"ProductAndSpecification object (59)\"}}]"
    }
  },
  {
    "model": "admin.logentry",
    "pk": 190,
    "fields": {
      "action_time": "2024-10-08T10:28:30.546Z",
      "user": 1,
      "content_type": 11,
      "object_id": "9",
      "object_repr": "ID 9: Apple - Mac Studio - M2 Ultra - 3999.00 $",
      "action_flag": 2,
      "change_message": "[]"
    }
  },
  {
    "model": "admin.logentry",
    "pk": 191,
    "fields": {
      "action_time": "2024-10-08T10:34:29.974Z",
      "user": 1,
      "content_type": 14,
      "object_id": "49",
      "object_repr": "Product specification name: Processor Model value: Intel Core i9 14th Generation",
      "action_flag": 1,
      "change_message": "[{\"added\": {}}]"
    }
  },
  {
    "model": "admin.logentry",
    "pk": 192,
    "fields": {
      "action_time": "2024-10-08T10:34:41.392Z",
      "user": 1,
      "content_type": 14,
      "object_id": "50",
      "object_repr": "Product specification name: Total Storage Capacity value: 2000 gigabytes",
      "action_flag": 1,
      "change_message": "[{\"added\": {}}]"
    }
  },
  {
    "model": "admin.logentry",
    "pk": 193,
    "fields": {
      "action_time": "2024-10-08T10:35:09.949Z",
      "user": 1,
      "content_type": 14,
      "object_id": "51",
      "object_repr": "Product specification name: Graphics value: NVIDIA GeForce RTX 4090",
      "action_flag": 1,
      "change_message": "[{\"added\": {}}]"
    }
  },
  {
    "model": "admin.logentry",
    "pk": 194,
    "fields": {
      "action_time": "2024-10-08T10:35:29.363Z",
      "user": 1,
      "content_type": 14,
      "object_id": "52",
      "object_repr": "Product specification name: Brand value: MSI",
      "action_flag": 1,
      "change_message": "[{\"added\": {}}]"
    }
  },
  {
    "model": "admin.logentry",
    "pk": 195,
    "fields": {
      "action_time": "2024-10-08T10:36:33.704Z",
      "user": 1,
      "content_type": 14,
      "object_id": "53",
      "object_repr": "Product specification name: Operating System value: Windows 11 Pro",
      "action_flag": 1,
      "change_message": "[{\"added\": {}}]"
    }
  },
  {
    "model": "admin.logentry",
    "pk": 196,
    "fields": {
      "action_time": "2024-10-08T10:36:39.929Z",
      "user": 1,
      "content_type": 11,
      "object_id": "10",
      "object_repr": "ID 10: MSI - Vision Elite RS Gaming Desktop - 3999 $",
      "action_flag": 1,
      "change_message": "[{\"added\": {}}, {\"added\": {\"name\": \"Product: image\", \"object\": \"Image url: /media/products/product_10/images/desktop_msi.jpg for product: MSI - Vision Elite RS Gaming Desktop\"}}, {\"added\": {\"name\": \"Product: image\", \"object\": \"Image url: /media/products/product_10/images/desktop_msi_1.jpg for product: MSI - Vision Elite RS Gaming Desktop\"}}, {\"added\": {\"name\": \"product and tag\", \"object\": \"ProductAndTag object (18)\"}}, {\"added\": {\"name\": \"product and tag\", \"object\": \"ProductAndTag object (19)\"}}, {\"added\": {\"name\": \"product and specification\", \"object\": \"ProductAndSpecification object (60)\"}}, {\"added\": {\"name\": \"product and specification\", \"object\": \"ProductAndSpecification object (61)\"}}, {\"added\": {\"name\": \"product and specification\", \"object\": \"ProductAndSpecification object (62)\"}}, {\"added\": {\"name\": \"product and specification\", \"object\": \"ProductAndSpecification object (63)\"}}, {\"added\": {\"name\": \"product and specification\", \"object\": \"ProductAndSpecification object (64)\"}}, {\"added\": {\"name\": \"product and specification\", \"object\": \"ProductAndSpecification object (65)\"}}]"
    }
  },
  {
    "model": "admin.logentry",
    "pk": 197,
    "fields": {
      "action_time": "2024-10-08T10:36:44.174Z",
      "user": 1,
      "content_type": 11,
      "object_id": "10",
      "object_repr": "ID 10: MSI - Vision Elite RS Gaming Desktop - 3999.00 $",
      "action_flag": 2,
      "change_message": "[]"
    }
  },
  {
    "model": "admin.logentry",
    "pk": 198,
    "fields": {
      "action_time": "2024-10-08T11:15:41.181Z",
      "user": 1,
      "content_type": 11,
      "object_id": "10",
      "object_repr": "ID 10: MSI - Vision Elite RS Gaming Desktop - 3999.00 $",
      "action_flag": 2,
      "change_message": "[{\"added\": {\"name\": \"Product: review\", \"object\": \"Product review: 1 for product: MSI - Vision Elite RS Gaming Desktop\"}}]"
    }
  },
  {
    "model": "admin.logentry",
    "pk": 199,
    "fields": {
      "action_time": "2024-10-08T11:16:17.144Z",
      "user": 1,
      "content_type": 11,
      "object_id": "10",
      "object_repr": "ID 10: MSI - Vision Elite RS Gaming Desktop - 3999.00 $",
      "action_flag": 2,
      "change_message": "[{\"added\": {\"name\": \"Product: review\", \"object\": \"Product review: 2 for product: MSI - Vision Elite RS Gaming Desktop\"}}]"
    }
  },
  {
    "model": "admin.logentry",
    "pk": 200,
    "fields": {
      "action_time": "2024-10-08T11:24:18.944Z",
      "user": 1,
      "content_type": 11,
      "object_id": "10",
      "object_repr": "ID 10: MSI - Vision Elite RS Gaming Desktop - 3999.00 $",
      "action_flag": 2,
      "change_message": "[{\"changed\": {\"name\": \"Product: review\", \"object\": \"Product review: 4 for product: MSI - Vision Elite RS Gaming Desktop\", \"fields\": [\"Rate\"]}}]"
    }
  },
  {
    "model": "admin.logentry",
    "pk": 201,
    "fields": {
      "action_time": "2024-10-08T11:25:35.056Z",
      "user": 1,
      "content_type": 11,
      "object_id": "10",
      "object_repr": "ID 10: MSI - Vision Elite RS Gaming Desktop - 3999.00 $",
      "action_flag": 2,
      "change_message": "[{\"deleted\": {\"name\": \"Product: review\", \"object\": \"Product review: None for product: MSI - Vision Elite RS Gaming Desktop\"}}]"
    }
  },
  {
    "model": "admin.logentry",
    "pk": 202,
    "fields": {
      "action_time": "2024-10-08T11:31:45.885Z",
      "user": 1,
      "content_type": 11,
      "object_id": "10",
      "object_repr": "ID 10: MSI - Vision Elite RS Gaming Desktop - 3999.00 $",
      "action_flag": 2,
      "change_message": "[]"
    }
  },
  {
    "model": "admin.logentry",
    "pk": 203,
    "fields": {
      "action_time": "2024-10-08T11:31:51.810Z",
      "user": 1,
      "content_type": 11,
      "object_id": "10",
      "object_repr": "ID 10: MSI - Vision Elite RS Gaming Desktop - 3999.00 $",
      "action_flag": 2,
      "change_message": "[{\"changed\": {\"name\": \"Product: review\", \"object\": \"Product review: 5 for product: MSI - Vision Elite RS Gaming Desktop\", \"fields\": [\"Rate\"]}}]"
    }
  },
  {
    "model": "admin.logentry",
    "pk": 204,
    "fields": {
      "action_time": "2024-10-08T11:31:59.246Z",
      "user": 1,
      "content_type": 11,
      "object_id": "10",
      "object_repr": "ID 10: MSI - Vision Elite RS Gaming Desktop - 3999.00 $",
      "action_flag": 2,
      "change_message": "[{\"changed\": {\"name\": \"Product: review\", \"object\": \"Product review: 5 for product: MSI - Vision Elite RS Gaming Desktop\", \"fields\": [\"Rate\"]}}]"
    }
  },
  {
    "model": "admin.logentry",
    "pk": 205,
    "fields": {
      "action_time": "2024-10-08T11:32:12.502Z",
      "user": 1,
      "content_type": 11,
      "object_id": "10",
      "object_repr": "ID 10: MSI - Vision Elite RS Gaming Desktop - 3999.00 $",
      "action_flag": 2,
      "change_message": "[{\"changed\": {\"name\": \"Product: review\", \"object\": \"Product review: 5 for product: MSI - Vision Elite RS Gaming Desktop\", \"fields\": [\"Rate\"]}}]"
    }
  },
  {
    "model": "admin.logentry",
    "pk": 206,
    "fields": {
      "action_time": "2024-10-08T11:43:14.904Z",
      "user": 1,
      "content_type": 11,
      "object_id": "10",
      "object_repr": "ID 10: MSI - Vision Elite RS Gaming Desktop - 3999.00 $",
      "action_flag": 2,
      "change_message": "[{\"deleted\": {\"name\": \"Product: review\", \"object\": \"Product review: None for product: MSI - Vision Elite RS Gaming Desktop\"}}, {\"deleted\": {\"name\": \"Product: review\", \"object\": \"Product review: None for product: MSI - Vision Elite RS Gaming Desktop\"}}]"
    }
  },
  {
    "model": "admin.logentry",
    "pk": 207,
    "fields": {
      "action_time": "2024-10-08T11:43:53.185Z",
      "user": 1,
      "content_type": 11,
      "object_id": "10",
      "object_repr": "ID 10: MSI - Vision Elite RS Gaming Desktop - 3999.00 $",
      "action_flag": 2,
      "change_message": "[{\"deleted\": {\"name\": \"Product: review\", \"object\": \"Product review: None for product: MSI - Vision Elite RS Gaming Desktop\"}}]"
    }
  },
  {
    "model": "admin.logentry",
    "pk": 208,
    "fields": {
      "action_time": "2024-10-08T11:47:33.288Z",
      "user": 1,
      "content_type": 11,
      "object_id": "1",
      "object_repr": "ID 1: Samsung - Galaxy Tab A9+ - 140.00 $",
      "action_flag": 2,
      "change_message": "[{\"added\": {\"name\": \"Product: review\", \"object\": \"Product review: 8 for product: Samsung - Galaxy Tab A9+\"}}]"
    }
  },
  {
    "model": "admin.logentry",
    "pk": 209,
    "fields": {
      "action_time": "2024-10-08T11:48:19.928Z",
      "user": 1,
      "content_type": 11,
      "object_id": "1",
      "object_repr": "ID 1: Samsung - Galaxy Tab A9+ - 140.00 $",
      "action_flag": 2,
      "change_message": "[{\"added\": {\"name\": \"Product: review\", \"object\": \"Product review: 9 for product: Samsung - Galaxy Tab A9+\"}}]"
    }
  },
  {
    "model": "admin.logentry",
    "pk": 210,
    "fields": {
      "action_time": "2024-10-08T11:48:33.268Z",
      "user": 1,
      "content_type": 11,
      "object_id": "1",
      "object_repr": "ID 1: Samsung - Galaxy Tab A9+ - 140.00 $",
      "action_flag": 2,
      "change_message": "[{\"changed\": {\"name\": \"Product: review\", \"object\": \"Product review: 9 for product: Samsung - Galaxy Tab A9+\", \"fields\": [\"Rate\"]}}]"
    }
  },
  {
    "model": "admin.logentry",
    "pk": 211,
    "fields": {
      "action_time": "2024-10-08T11:50:09.065Z",
      "user": 1,
      "content_type": 11,
      "object_id": "3",
      "object_repr": "ID 3: Microsoft - Surface Pro - Copilot+ PC - 1000.00 $",
      "action_flag": 2,
      "change_message": "[{\"added\": {\"name\": \"Product: review\", \"object\": \"Product review: 10 for product: Microsoft - Surface Pro - Copilot+ PC\"}}]"
    }
  },
  {
    "model": "admin.logentry",
    "pk": 212,
    "fields": {
      "action_time": "2024-10-08T11:51:01.686Z",
      "user": 1,
      "content_type": 11,
      "object_id": "3",
      "object_repr": "ID 3: Microsoft - Surface Pro - Copilot+ PC - 1000.00 $",
      "action_flag": 2,
      "change_message": "[{\"added\": {\"name\": \"Product: review\", \"object\": \"Product review: 11 for product: Microsoft - Surface Pro - Copilot+ PC\"}}]"
    }
  },
  {
    "model": "admin.logentry",
    "pk": 213,
    "fields": {
      "action_time": "2024-10-08T11:52:47.537Z",
      "user": 1,
      "content_type": 11,
      "object_id": "3",
      "object_repr": "ID 3: Microsoft - Surface Pro - Copilot+ PC - 1000.00 $",
      "action_flag": 2,
      "change_message": "[{\"added\": {\"name\": \"Product: review\", \"object\": \"Product review: 12 for product: Microsoft - Surface Pro - Copilot+ PC\"}}]"
    }
  },
  {
    "model": "admin.logentry",
    "pk": 214,
    "fields": {
      "action_time": "2024-10-08T11:53:19.775Z",
      "user": 1,
      "content_type": 11,
      "object_id": "1",
      "object_repr": "ID 1: Samsung - Galaxy Tab A9+ - 140.00 $",
      "action_flag": 2,
      "change_message": "[{\"changed\": {\"name\": \"Product: review\", \"object\": \"Product review: 9 for product: Samsung - Galaxy Tab A9+\", \"fields\": [\"Author\", \"Email\"]}}]"
    }
  },
  {
    "model": "admin.logentry",
    "pk": 215,
    "fields": {
      "action_time": "2024-10-08T11:54:46.967Z",
      "user": 1,
      "content_type": 11,
      "object_id": "2",
      "object_repr": "ID 2: Apple - 13-inch iPad Pro M4 - 1118.00 $",
      "action_flag": 2,
      "change_message": "[{\"added\": {\"name\": \"Product: review\", \"object\": \"Product review: 13 for product: Apple - 13-inch iPad Pro M4\"}}]"
    }
  },
  {
    "model": "admin.logentry",
    "pk": 216,
    "fields": {
      "action_time": "2024-10-08T11:56:06.807Z",
      "user": 1,
      "content_type": 11,
      "object_id": "2",
      "object_repr": "ID 2: Apple - 13-inch iPad Pro M4 - 1118.00 $",
      "action_flag": 2,
      "change_message": "[{\"added\": {\"name\": \"Product: review\", \"object\": \"Product review: 14 for product: Apple - 13-inch iPad Pro M4\"}}]"
    }
  },
  {
    "model": "admin.logentry",
    "pk": 217,
    "fields": {
      "action_time": "2024-10-08T11:58:40.389Z",
      "user": 1,
      "content_type": 11,
      "object_id": "4",
      "object_repr": "ID 4: MSI - Katana 15 15.6\", CROSSHAIR1614057 - 1499.00 $",
      "action_flag": 2,
      "change_message": "[{\"changed\": {\"fields\": [\"Full description\"]}}, {\"added\": {\"name\": \"Product: review\", \"object\": \"Product review: 15 for product: MSI - Katana 15 15.6\\\", CROSSHAIR1614057\"}}]"
    }
  },
  {
    "model": "admin.logentry",
    "pk": 218,
    "fields": {
      "action_time": "2024-10-08T11:58:47.177Z",
      "user": 1,
      "content_type": 11,
      "object_id": "4",
      "object_repr": "ID 4: MSI - Katana 15 15.6\", CROSSHAIR1614057 - 1499.00 $",
      "action_flag": 2,
      "change_message": "[{\"changed\": {\"name\": \"Product: review\", \"object\": \"Product review: 15 for product: MSI - Katana 15 15.6\\\", CROSSHAIR1614057\", \"fields\": [\"Author\"]}}]"
    }
  },
  {
    "model": "admin.logentry",
    "pk": 219,
    "fields": {
      "action_time": "2024-10-08T11:59:58.316Z",
      "user": 1,
      "content_type": 11,
      "object_id": "4",
      "object_repr": "ID 4: MSI - Katana 15 15.6\", CROSSHAIR1614057 - 1499.00 $",
      "action_flag": 2,
      "change_message": "[{\"added\": {\"name\": \"Product: review\", \"object\": \"Product review: 16 for product: MSI - Katana 15 15.6\\\", CROSSHAIR1614057\"}}]"
    }
  },
  {
    "model": "admin.logentry",
    "pk": 220,
    "fields": {
      "action_time": "2024-10-08T12:00:26.285Z",
      "user": 1,
      "content_type": 11,
      "object_id": "4",
      "object_repr": "ID 4: MSI - Katana 15 15.6\", CROSSHAIR1614057 - 1499.00 $",
      "action_flag": 2,
      "change_message": "[{\"changed\": {\"name\": \"Product: review\", \"object\": \"Product review: 16 for product: MSI - Katana 15 15.6\\\", CROSSHAIR1614057\", \"fields\": [\"Text\"]}}]"
    }
  },
  {
    "model": "admin.logentry",
    "pk": 221,
    "fields": {
      "action_time": "2024-10-08T12:27:46.853Z",
      "user": 1,
      "content_type": 11,
      "object_id": "6",
      "object_repr": "ID 6: Samsung - Galaxy Book4 Pro 360 2-in1 16\" - 1769.00 $",
      "action_flag": 2,
      "change_message": "[{\"added\": {\"name\": \"Product: review\", \"object\": \"Product review: 17 for product: Samsung - Galaxy Book4 Pro 360 2-in1 16\\\"\"}}]"
    }
  },
  {
    "model": "admin.logentry",
    "pk": 222,
    "fields": {
      "action_time": "2024-10-08T12:28:44.083Z",
      "user": 1,
      "content_type": 11,
      "object_id": "6",
      "object_repr": "ID 6: Samsung - Galaxy Book4 Pro 360 2-in1 16\" - 1769.00 $",
      "action_flag": 2,
      "change_message": "[{\"added\": {\"name\": \"Product: review\", \"object\": \"Product review: 18 for product: Samsung - Galaxy Book4 Pro 360 2-in1 16\\\"\"}}, {\"changed\": {\"name\": \"Product: review\", \"object\": \"Product review: 17 for product: Samsung - Galaxy Book4 Pro 360 2-in1 16\\\"\", \"fields\": [\"Email\"]}}]"
    }
  },
  {
    "model": "admin.logentry",
    "pk": 223,
    "fields": {
      "action_time": "2024-10-08T12:29:37.968Z",
      "user": 1,
      "content_type": 11,
      "object_id": "5",
      "object_repr": "ID 5: Laptop  Apple - MacBook Pro 14\" - M3 Pro - 1700.00 $",
      "action_flag": 2,
      "change_message": "[{\"added\": {\"name\": \"Product: review\", \"object\": \"Product review: 19 for product: Laptop  Apple - MacBook Pro 14\\\" - M3 Pro\"}}]"
    }
  },
  {
    "model": "admin.logentry",
    "pk": 224,
    "fields": {
      "action_time": "2024-10-08T12:30:03.113Z",
      "user": 1,
      "content_type": 11,
      "object_id": "5",
      "object_repr": "ID 5: Laptop  Apple - MacBook Pro 14\" - M3 Pro - 1700.00 $",
      "action_flag": 2,
      "change_message": "[{\"added\": {\"name\": \"Product: review\", \"object\": \"Product review: 20 for product: Laptop  Apple - MacBook Pro 14\\\" - M3 Pro\"}}]"
    }
  },
  {
    "model": "admin.logentry",
    "pk": 225,
    "fields": {
      "action_time": "2024-10-08T12:31:01.007Z",
      "user": 1,
      "content_type": 11,
      "object_id": "5",
      "object_repr": "ID 5: Laptop  Apple - MacBook Pro 14\" - M3 Pro - 1700.00 $",
      "action_flag": 2,
      "change_message": "[{\"added\": {\"name\": \"Product: review\", \"object\": \"Product review: 21 for product: Laptop  Apple - MacBook Pro 14\\\" - M3 Pro\"}}]"
    }
  },
  {
    "model": "admin.logentry",
    "pk": 226,
    "fields": {
      "action_time": "2024-10-08T12:34:26.977Z",
      "user": 1,
      "content_type": 11,
      "object_id": "9",
      "object_repr": "ID 9: Apple - Mac Studio - M2 Ultra - 3999.00 $",
      "action_flag": 2,
      "change_message": "[{\"added\": {\"name\": \"Product: review\", \"object\": \"Product review: 22 for product: Apple - Mac Studio - M2 Ultra\"}}, {\"added\": {\"name\": \"Product: review\", \"object\": \"Product review: 23 for product: Apple - Mac Studio - M2 Ultra\"}}, {\"added\": {\"name\": \"Product: review\", \"object\": \"Product review: 24 for product: Apple - Mac Studio - M2 Ultra\"}}]"
    }
  },
  {
    "model": "admin.logentry",
    "pk": 227,
    "fields": {
      "action_time": "2024-10-08T12:36:33.172Z",
      "user": 1,
      "content_type": 11,
      "object_id": "7",
      "object_repr": "ID 7: MSI - MAG 275QF 27\" QHD - 100.00 $",
      "action_flag": 2,
      "change_message": "[{\"added\": {\"name\": \"Product: review\", \"object\": \"Product review: 25 for product: MSI - MAG 275QF 27\\\" QHD\"}}, {\"added\": {\"name\": \"Product: review\", \"object\": \"Product review: 26 for product: MSI - MAG 275QF 27\\\" QHD\"}}]"
    }
  },
  {
    "model": "admin.logentry",
    "pk": 228,
    "fields": {
      "action_time": "2024-10-08T12:38:15.908Z",
      "user": 1,
      "content_type": 11,
      "object_id": "8",
      "object_repr": "ID 8: Apple - Studio Display - 1999.00 $",
      "action_flag": 2,
      "change_message": "[{\"added\": {\"name\": \"Product: review\", \"object\": \"Product review: 27 for product: Apple - Studio Display\"}}]"
    }
  },
  {
    "model": "admin.logentry",
    "pk": 229,
    "fields": {
      "action_time": "2024-10-08T12:43:11.136Z",
      "user": 1,
      "content_type": 17,
      "object_id": "10",
      "object_repr": "Product tag name: Apex",
      "action_flag": 1,
      "change_message": "[{\"added\": {}}]"
    }
  },
  {
    "model": "admin.logentry",
    "pk": 230,
    "fields": {
      "action_time": "2024-10-08T12:43:45.839Z",
      "user": 1,
      "content_type": 14,
      "object_id": "54",
      "object_repr": "Product specification name: Keyboard Technology value: Keyboard Technology Mechanical",
      "action_flag": 1,
      "change_message": "[{\"added\": {}}]"
    }
  },
  {
    "model": "admin.logentry",
    "pk": 231,
    "fields": {
      "action_time": "2024-10-08T12:43:56.821Z",
      "user": 1,
      "content_type": 14,
      "object_id": "55",
      "object_repr": "Product specification name: Connection Type value: Wireless",
      "action_flag": 1,
      "change_message": "[{\"added\": {}}]"
    }
  },
  {
    "model": "admin.logentry",
    "pk": 232,
    "fields": {
      "action_time": "2024-10-08T12:44:21.870Z",
      "user": 1,
      "content_type": 14,
      "object_id": "56",
      "object_repr": "Product specification name: Keyboard Type value: Gaming, Programmable",
      "action_flag": 1,
      "change_message": "[{\"added\": {}}]"
    }
  },
  {
    "model": "admin.logentry",
    "pk": 233,
    "fields": {
      "action_time": "2024-10-08T12:44:38.663Z",
      "user": 1,
      "content_type": 11,
      "object_id": "11",
      "object_repr": "ID 11: SteelSeries - Apex Pro TKL Gen 3 - 199.99 $",
      "action_flag": 1,
      "change_message": "[{\"added\": {}}, {\"added\": {\"name\": \"product and tag\", \"object\": \"ProductAndTag object (20)\"}}, {\"added\": {\"name\": \"product and specification\", \"object\": \"ProductAndSpecification object (66)\"}}, {\"added\": {\"name\": \"product and specification\", \"object\": \"ProductAndSpecification object (67)\"}}, {\"added\": {\"name\": \"product and specification\", \"object\": \"ProductAndSpecification object (68)\"}}]"
    }
  },
  {
    "model": "admin.logentry",
    "pk": 234,
    "fields": {
      "action_time": "2024-10-08T12:45:46.600Z",
      "user": 1,
      "content_type": 11,
      "object_id": "11",
      "object_repr": "ID 11: SteelSeries - Apex Pro TKL Gen 3 - 199.99 $",
      "action_flag": 2,
      "change_message": "[{\"added\": {\"name\": \"Product: image\", \"object\": \"Image url: /media/products/product_11/images/keyboard_apex.jpg for product: SteelSeries - Apex Pro TKL Gen 3\"}}, {\"added\": {\"name\": \"Product: image\", \"object\": \"Image url: /media/products/product_11/images/keyboard_apex_1.jpg for product: SteelSeries - Apex Pro TKL Gen 3\"}}, {\"added\": {\"name\": \"Product: review\", \"object\": \"Product review: 28 for product: SteelSeries - Apex Pro TKL Gen 3\"}}]"
    }
  },
  {
    "model": "admin.logentry",
    "pk": 235,
    "fields": {
      "action_time": "2024-10-08T14:50:58.557Z",
      "user": 1,
      "content_type": 14,
      "object_id": "57",
      "object_repr": "Product specification name: Brand value: Logitech",
      "action_flag": 1,
      "change_message": "[{\"added\": {}}]"
    }
  },
  {
    "model": "admin.logentry",
    "pk": 236,
    "fields": {
      "action_time": "2024-10-08T14:51:54.157Z",
      "user": 1,
      "content_type": 11,
      "object_id": "12",
      "object_repr": "ID 12: Logitech - G915 X LIGHTSPEED Full-size Wireless Mechanical Keyboard - 229.99 $",
      "action_flag": 1,
      "change_message": "[{\"added\": {}}, {\"added\": {\"name\": \"Product: review\", \"object\": \"Product review: 29 for product: Logitech - G915 X LIGHTSPEED Full-size Wireless Mechanical Keyboard\"}}, {\"added\": {\"name\": \"product and specification\", \"object\": \"ProductAndSpecification object (69)\"}}, {\"added\": {\"name\": \"product and specification\", \"object\": \"ProductAndSpecification object (70)\"}}, {\"added\": {\"name\": \"product and specification\", \"object\": \"ProductAndSpecification object (71)\"}}, {\"added\": {\"name\": \"product and specification\", \"object\": \"ProductAndSpecification object (72)\"}}]"
    }
  },
  {
    "model": "admin.logentry",
    "pk": 237,
    "fields": {
      "action_time": "2024-10-08T14:52:34.557Z",
      "user": 1,
      "content_type": 11,
      "object_id": "12",
      "object_repr": "ID 12: Logitech - G915 X LIGHTSPEED Full-size Wireless Mechanical Keyboard - 229.99 $",
      "action_flag": 2,
      "change_message": "[{\"added\": {\"name\": \"Product: review\", \"object\": \"Product review: 30 for product: Logitech - G915 X LIGHTSPEED Full-size Wireless Mechanical Keyboard\"}}]"
    }
  },
  {
    "model": "admin.logentry",
    "pk": 238,
    "fields": {
      "action_time": "2024-10-08T14:53:07.975Z",
      "user": 1,
      "content_type": 17,
      "object_id": "11",
      "object_repr": "Product tag name: Best Sales",
      "action_flag": 1,
      "change_message": "[{\"added\": {}}]"
    }
  },
  {
    "model": "admin.logentry",
    "pk": 239,
    "fields": {
      "action_time": "2024-10-08T14:53:34.519Z",
      "user": 1,
      "content_type": 11,
      "object_id": "12",
      "object_repr": "ID 12: Logitech - G915 X LIGHTSPEED Full-size Wireless Mechanical Keyboard - 229.99 $",
      "action_flag": 2,
      "change_message": "[{\"added\": {\"name\": \"Product: image\", \"object\": \"Image url: /media/products/product_12/images/keyboard_logi.jpg for product: Logitech - G915 X LIGHTSPEED Full-size Wireless Mechanical Keyboard\"}}, {\"added\": {\"name\": \"product and tag\", \"object\": \"ProductAndTag object (21)\"}}]"
    }
  },
  {
    "model": "admin.logentry",
    "pk": 240,
    "fields": {
      "action_time": "2024-10-08T14:57:56.716Z",
      "user": 1,
      "content_type": 11,
      "object_id": "13",
      "object_repr": "ID 13: Logitech - G PRO X SUPERLIGHT 2 MOUSE - 149.99 $",
      "action_flag": 1,
      "change_message": "[{\"added\": {}}, {\"added\": {\"name\": \"Product: image\", \"object\": \"Image url: /media/products/product_13/images/mouse_logi.jpg for product: Logitech - G PRO X SUPERLIGHT 2 MOUSE\"}}, {\"added\": {\"name\": \"Product: image\", \"object\": \"Image url: /media/products/product_13/images/mouse_logi_1.jpg for product: Logitech - G PRO X SUPERLIGHT 2 MOUSE\"}}]"
    }
  },
  {
    "model": "admin.logentry",
    "pk": 241,
    "fields": {
      "action_time": "2024-10-08T15:00:31.685Z",
      "user": 1,
      "content_type": 17,
      "object_id": "2",
      "object_repr": "Product tag name: Logitech",
      "action_flag": 2,
      "change_message": "[{\"changed\": {\"fields\": [\"Name\"]}}]"
    }
  },
  {
    "model": "admin.logentry",
    "pk": 242,
    "fields": {
      "action_time": "2024-10-08T15:01:33.963Z",
      "user": 1,
      "content_type": 14,
      "object_id": "58",
      "object_repr": "Product specification name: Maximum Sensitivity value: 32000 dots per inch",
      "action_flag": 1,
      "change_message": "[{\"added\": {}}]"
    }
  },
  {
    "model": "admin.logentry",
    "pk": 243,
    "fields": {
      "action_time": "2024-10-08T15:02:08.583Z",
      "user": 1,
      "content_type": 14,
      "object_id": "59",
      "object_repr": "Product specification name: Number of Buttons (Total) value: 5",
      "action_flag": 1,
      "change_message": "[{\"added\": {}}]"
    }
  },
  {
    "model": "admin.logentry",
    "pk": 244,
    "fields": {
      "action_time": "2024-10-08T15:02:31.133Z",
      "user": 1,
      "content_type": 14,
      "object_id": "60",
      "object_repr": "Product specification name: Mouse Operation value: Button(s), Scroll wheel",
      "action_flag": 1,
      "change_message": "[{\"added\": {}}]"
    }
  },
  {
    "model": "admin.logentry",
    "pk": 245,
    "fields": {
      "action_time": "2024-10-08T15:02:46.826Z",
      "user": 1,
      "content_type": 14,
      "object_id": "61",
      "object_repr": "Product specification name: Handedness value: Right-handed",
      "action_flag": 1,
      "change_message": "[{\"added\": {}}]"
    }
  },
  {
    "model": "admin.logentry",
    "pk": 246,
    "fields": {
      "action_time": "2024-10-08T15:02:48.600Z",
      "user": 1,
      "content_type": 11,
      "object_id": "13",
      "object_repr": "ID 13: Logitech - G PRO X SUPERLIGHT 2 MOUSE - 149.99 $",
      "action_flag": 2,
      "change_message": "[{\"changed\": {\"fields\": [\"Shot description\", \"Full description\", \"Is limited\"]}}, {\"added\": {\"name\": \"Product: review\", \"object\": \"Product review: 31 for product: Logitech - G PRO X SUPERLIGHT 2 MOUSE\"}}, {\"added\": {\"name\": \"product and tag\", \"object\": \"ProductAndTag object (22)\"}}, {\"added\": {\"name\": \"product and specification\", \"object\": \"ProductAndSpecification object (73)\"}}, {\"added\": {\"name\": \"product and specification\", \"object\": \"ProductAndSpecification object (74)\"}}, {\"added\": {\"name\": \"product and specification\", \"object\": \"ProductAndSpecification object (75)\"}}, {\"added\": {\"name\": \"product and specification\", \"object\": \"ProductAndSpecification object (76)\"}}, {\"added\": {\"name\": \"product and specification\", \"object\": \"ProductAndSpecification object (77)\"}}]"
    }
  },
  {
    "model": "admin.logentry",
    "pk": 247,
    "fields": {
      "action_time": "2024-10-08T15:03:39.973Z",
      "user": 1,
      "content_type": 11,
      "object_id": "13",
      "object_repr": "ID 13: Logitech - G PRO X SUPERLIGHT 2 MOUSE - 149.99 $",
      "action_flag": 2,
      "change_message": "[{\"added\": {\"name\": \"Product: review\", \"object\": \"Product review: 32 for product: Logitech - G PRO X SUPERLIGHT 2 MOUSE\"}}]"
    }
  },
  {
    "model": "admin.logentry",
    "pk": 248,
    "fields": {
      "action_time": "2024-10-08T15:04:14.670Z",
      "user": 1,
      "content_type": 17,
      "object_id": "2",
      "object_repr": "Product tag name: Logitech",
      "action_flag": 2,
      "change_message": "[{\"added\": {\"name\": \"product and tag\", \"object\": \"ProductAndTag object (23)\"}}]"
    }
  },
  {
    "model": "admin.logentry",
    "pk": 249,
    "fields": {
      "action_time": "2024-10-08T15:07:12.465Z",
      "user": 1,
      "content_type": 14,
      "object_id": "62",
      "object_repr": "Product specification name: Maximum Sensitivity value: 20000 dots per inch",
      "action_flag": 1,
      "change_message": "[{\"added\": {}}]"
    }
  },
  {
    "model": "admin.logentry",
    "pk": 250,
    "fields": {
      "action_time": "2024-10-08T15:07:21.061Z",
      "user": 1,
      "content_type": 14,
      "object_id": "63",
      "object_repr": "Product specification name: Number of Buttons (Total) value: 6",
      "action_flag": 1,
      "change_message": "[{\"added\": {}}]"
    }
  },
  {
    "model": "admin.logentry",
    "pk": 251,
    "fields": {
      "action_time": "2024-10-08T15:08:11.880Z",
      "user": 1,
      "content_type": 14,
      "object_id": "64",
      "object_repr": "Product specification name: Mouse Type value: Gaming",
      "action_flag": 1,
      "change_message": "[{\"added\": {}}]"
    }
  },
  {
    "model": "admin.logentry",
    "pk": 252,
    "fields": {
      "action_time": "2024-10-08T15:08:26.667Z",
      "user": 1,
      "content_type": 14,
      "object_id": "65",
      "object_repr": "Product specification name: Tracking Method value: Optical",
      "action_flag": 1,
      "change_message": "[{\"added\": {}}]"
    }
  },
  {
    "model": "admin.logentry",
    "pk": 253,
    "fields": {
      "action_time": "2024-10-08T15:10:48.189Z",
      "user": 1,
      "content_type": 11,
      "object_id": "14",
      "object_repr": "ID 14: MSI - Clutch GM41 Lightweight Optical Mouse - 82.99 $",
      "action_flag": 1,
      "change_message": "[{\"added\": {}}, {\"added\": {\"name\": \"Product: image\", \"object\": \"Image url: /media/products/product_14/images/mouse_msi.jpg for product: MSI - Clutch GM41 Lightweight Optical Mouse\"}}, {\"added\": {\"name\": \"Product: image\", \"object\": \"Image url: /media/products/product_14/images/mouse_msi_2.jpg for product: MSI - Clutch GM41 Lightweight Optical Mouse\"}}, {\"added\": {\"name\": \"Product: image\", \"object\": \"Image url: /media/products/product_14/images/mouse_msi_3.jpg for product: MSI - Clutch GM41 Lightweight Optical Mouse\"}}, {\"added\": {\"name\": \"Product: image\", \"object\": \"Image url: /media/products/product_14/images/mouse_msi_4.jpg for product: MSI - Clutch GM41 Lightweight Optical Mouse\"}}, {\"added\": {\"name\": \"Product: review\", \"object\": \"Product review: 33 for product: MSI - Clutch GM41 Lightweight Optical Mouse\"}}, {\"added\": {\"name\": \"product and tag\", \"object\": \"ProductAndTag object (24)\"}}, {\"added\": {\"name\": \"product and specification\", \"object\": \"ProductAndSpecification object (78)\"}}, {\"added\": {\"name\": \"product and specification\", \"object\": \"ProductAndSpecification object (79)\"}}, {\"added\": {\"name\": \"product and specification\", \"object\": \"ProductAndSpecification object (80)\"}}, {\"added\": {\"name\": \"product and specification\", \"object\": \"ProductAndSpecification object (81)\"}}, {\"added\": {\"name\": \"product and specification\", \"object\": \"ProductAndSpecification object (82)\"}}]"
    }
  },
  {
    "model": "admin.logentry",
    "pk": 254,
    "fields": {
      "action_time": "2024-10-08T15:15:43.629Z",
      "user": 1,
      "content_type": 14,
      "object_id": "66",
      "object_repr": "Product specification name: Processor Model value: Intel Core i7 14th Generation",
      "action_flag": 1,
      "change_message": "[{\"added\": {}}]"
    }
  },
  {
    "model": "admin.logentry",
    "pk": 255,
    "fields": {
      "action_time": "2024-10-08T15:17:55.956Z",
      "user": 1,
      "content_type": 11,
      "object_id": "15",
      "object_repr": "ID 15: Dell - Inspiron Desktop (3030) - 699.99 $",
      "action_flag": 1,
      "change_message": "[{\"added\": {}}, {\"added\": {\"name\": \"product and tag\", \"object\": \"ProductAndTag object (25)\"}}, {\"added\": {\"name\": \"product and specification\", \"object\": \"ProductAndSpecification object (83)\"}}, {\"added\": {\"name\": \"product and specification\", \"object\": \"ProductAndSpecification object (84)\"}}, {\"added\": {\"name\": \"product and specification\", \"object\": \"ProductAndSpecification object (85)\"}}, {\"added\": {\"name\": \"product and specification\", \"object\": \"ProductAndSpecification object (86)\"}}]"
    }
  },
  {
    "model": "admin.logentry",
    "pk": 256,
    "fields": {
      "action_time": "2024-10-08T15:18:52.387Z",
      "user": 1,
      "content_type": 11,
      "object_id": "15",
      "object_repr": "ID 15: Dell - Inspiron Desktop (3030) - 699.99 $",
      "action_flag": 2,
      "change_message": "[{\"added\": {\"name\": \"Product: review\", \"object\": \"Product review: 34 for product: Dell - Inspiron Desktop (3030)\"}}]"
    }
  },
  {
    "model": "admin.logentry",
    "pk": 257,
    "fields": {
      "action_time": "2024-10-08T15:19:23.742Z",
      "user": 1,
      "content_type": 11,
      "object_id": "15",
      "object_repr": "ID 15: Dell - Inspiron Desktop (3030) - 699.99 $",
      "action_flag": 2,
      "change_message": "[]"
    }
  },
  {
    "model": "admin.logentry",
    "pk": 258,
    "fields": {
      "action_time": "2024-10-08T15:23:00.995Z",
      "user": 1,
      "content_type": 14,
      "object_id": "67",
      "object_repr": "Product specification name: Total Storage Capacity value: 4000 gigabytes",
      "action_flag": 1,
      "change_message": "[{\"added\": {}}]"
    }
  },
  {
    "model": "admin.logentry",
    "pk": 259,
    "fields": {
      "action_time": "2024-10-08T15:23:40.974Z",
      "user": 1,
      "content_type": 14,
      "object_id": "68",
      "object_repr": "Product specification name: Graphics value: NVIDIA GeForce RTX 4090",
      "action_flag": 1,
      "change_message": "[{\"added\": {}}]"
    }
  },
  {
    "model": "admin.logentry",
    "pk": 260,
    "fields": {
      "action_time": "2024-10-08T15:23:57.189Z",
      "user": 1,
      "content_type": 14,
      "object_id": "69",
      "object_repr": "Product specification name: Processor Model value: AMD Ryzen 9 9000 Series",
      "action_flag": 1,
      "change_message": "[{\"added\": {}}]"
    }
  },
  {
    "model": "admin.logentry",
    "pk": 261,
    "fields": {
      "action_time": "2024-10-08T15:24:33.799Z",
      "user": 1,
      "content_type": 14,
      "object_id": "70",
      "object_repr": "Product specification name: GPU Video Memory (RAM) value: 24 gigabytes",
      "action_flag": 1,
      "change_message": "[{\"added\": {}}]"
    }
  },
  {
    "model": "admin.logentry",
    "pk": 262,
    "fields": {
      "action_time": "2024-10-08T15:25:37.869Z",
      "user": 1,
      "content_type": 11,
      "object_id": "16",
      "object_repr": "ID 16: CyberPowerPC - Gamer Supreme Gaming Desktop - 3599.99 $",
      "action_flag": 1,
      "change_message": "[{\"added\": {}}, {\"added\": {\"name\": \"Product: image\", \"object\": \"Image url: /media/products/product_16/images/desktop_cyberpower.jpg for product: CyberPowerPC - Gamer Supreme Gaming Desktop\"}}, {\"added\": {\"name\": \"Product: review\", \"object\": \"Product review: 35 for product: CyberPowerPC - Gamer Supreme Gaming Desktop\"}}, {\"added\": {\"name\": \"product and tag\", \"object\": \"ProductAndTag object (26)\"}}, {\"added\": {\"name\": \"product and specification\", \"object\": \"ProductAndSpecification object (87)\"}}, {\"added\": {\"name\": \"product and specification\", \"object\": \"ProductAndSpecification object (88)\"}}, {\"added\": {\"name\": \"product and specification\", \"object\": \"ProductAndSpecification object (89)\"}}, {\"added\": {\"name\": \"product and specification\", \"object\": \"ProductAndSpecification object (90)\"}}, {\"added\": {\"name\": \"product and specification\", \"object\": \"ProductAndSpecification object (91)\"}}]"
    }
  },
  {
    "model": "admin.logentry",
    "pk": 263,
    "fields": {
      "action_time": "2024-10-08T15:26:18.570Z",
      "user": 1,
      "content_type": 11,
      "object_id": "15",
      "object_repr": "ID 15: Dell - Inspiron Desktop (3030) - 699.99 $",
      "action_flag": 2,
      "change_message": "[{\"added\": {\"name\": \"Product: image\", \"object\": \"Image url: /media/products/product_15/images/desktop_dell.jpg for product: Dell - Inspiron Desktop (3030)\"}}]"
    }
  },
  {
    "model": "admin.logentry",
    "pk": 264,
    "fields": {
      "action_time": "2024-10-08T15:31:27.437Z",
      "user": 1,
      "content_type": 17,
      "object_id": "12",
      "object_repr": "Product tag name: CLX",
      "action_flag": 1,
      "change_message": "[{\"added\": {}}]"
    }
  },
  {
    "model": "admin.logentry",
    "pk": 265,
    "fields": {
      "action_time": "2024-10-08T15:32:10.594Z",
      "user": 1,
      "content_type": 14,
      "object_id": "71",
      "object_repr": "Product specification name: Processor Model value: Intel 13th Generation Core i9",
      "action_flag": 1,
      "change_message": "[{\"added\": {}}]"
    }
  },
  {
    "model": "admin.logentry",
    "pk": 266,
    "fields": {
      "action_time": "2024-10-08T15:32:21.164Z",
      "user": 1,
      "content_type": 14,
      "object_id": "72",
      "object_repr": "Product specification name: Total Storage Capacity value: 8000 gigabytes",
      "action_flag": 1,
      "change_message": "[{\"added\": {}}]"
    }
  },
  {
    "model": "admin.logentry",
    "pk": 267,
    "fields": {
      "action_time": "2024-10-08T15:32:35.166Z",
      "user": 1,
      "content_type": 14,
      "object_id": "73",
      "object_repr": "Product specification name: System Memory (RAM) value: 96 gigabytes",
      "action_flag": 1,
      "change_message": "[{\"added\": {}}]"
    }
  },
  {
    "model": "admin.logentry",
    "pk": 268,
    "fields": {
      "action_time": "2024-10-08T15:32:50.847Z",
      "user": 1,
      "content_type": 14,
      "object_id": "74",
      "object_repr": "Product specification name: Graphics value: NVIDIA GeForce RTX 4090",
      "action_flag": 1,
      "change_message": "[{\"added\": {}}]"
    }
  },
  {
    "model": "admin.logentry",
    "pk": 269,
    "fields": {
      "action_time": "2024-10-08T15:33:47.854Z",
      "user": 1,
      "content_type": 11,
      "object_id": "17",
      "object_repr": "ID 17: CLX - RA Gaming Desktop - 4999.99 $",
      "action_flag": 1,
      "change_message": "[{\"added\": {}}, {\"added\": {\"name\": \"Product: image\", \"object\": \"Image url: /media/products/product_17/images/desktop_clir.jpg for product: CLX - RA Gaming Desktop\"}}, {\"added\": {\"name\": \"product and tag\", \"object\": \"ProductAndTag object (27)\"}}, {\"added\": {\"name\": \"product and tag\", \"object\": \"ProductAndTag object (28)\"}}, {\"added\": {\"name\": \"product and specification\", \"object\": \"ProductAndSpecification object (92)\"}}, {\"added\": {\"name\": \"product and specification\", \"object\": \"ProductAndSpecification object (93)\"}}, {\"added\": {\"name\": \"product and specification\", \"object\": \"ProductAndSpecification object (94)\"}}, {\"added\": {\"name\": \"product and specification\", \"object\": \"ProductAndSpecification object (95)\"}}, {\"added\": {\"name\": \"product and specification\", \"object\": \"ProductAndSpecification object (96)\"}}]"
    }
  },
  {
    "model": "admin.logentry",
    "pk": 270,
    "fields": {
      "action_time": "2024-10-08T15:34:09.360Z",
      "user": 1,
      "content_type": 11,
      "object_id": "17",
      "object_repr": "ID 17: CLX - RA Gaming Desktop - 4999.99 $",
      "action_flag": 2,
      "change_message": "[]"
    }
  },
  {
    "model": "admin.logentry",
    "pk": 271,
    "fields": {
      "action_time": "2024-10-08T15:38:40.899Z",
      "user": 1,
      "content_type": 14,
      "object_id": "75",
      "object_repr": "Product specification name: Graphics value: Graphics NVIDIA GeForce RTX 4080",
      "action_flag": 1,
      "change_message": "[{\"added\": {}}]"
    }
  },
  {
    "model": "admin.logentry",
    "pk": 272,
    "fields": {
      "action_time": "2024-10-08T15:39:27.542Z",
      "user": 1,
      "content_type": 14,
      "object_id": "76",
      "object_repr": "Product specification name: GPU Video Memory (RAM) value: 16 gigabytes",
      "action_flag": 1,
      "change_message": "[{\"added\": {}}]"
    }
  },
  {
    "model": "admin.logentry",
    "pk": 273,
    "fields": {
      "action_time": "2024-10-08T15:39:56.832Z",
      "user": 1,
      "content_type": 14,
      "object_id": "77",
      "object_repr": "Product specification name: Processor Model value: Intel Core i9 14th Generation",
      "action_flag": 1,
      "change_message": "[{\"added\": {}}]"
    }
  },
  {
    "model": "admin.logentry",
    "pk": 274,
    "fields": {
      "action_time": "2024-10-08T15:40:24.239Z",
      "user": 1,
      "content_type": 11,
      "object_id": "18",
      "object_repr": "ID 18: CLX - RA Gaming Desktop Bold - 4699.99 $",
      "action_flag": 1,
      "change_message": "[{\"added\": {}}, {\"added\": {\"name\": \"Product: image\", \"object\": \"Image url: /media/products/product_18/images/desktop_clx_bold.jpg for product: CLX - RA Gaming Desktop Bold\"}}, {\"added\": {\"name\": \"product and tag\", \"object\": \"ProductAndTag object (29)\"}}, {\"added\": {\"name\": \"product and specification\", \"object\": \"ProductAndSpecification object (97)\"}}, {\"added\": {\"name\": \"product and specification\", \"object\": \"ProductAndSpecification object (98)\"}}, {\"added\": {\"name\": \"product and specification\", \"object\": \"ProductAndSpecification object (99)\"}}, {\"added\": {\"name\": \"product and specification\", \"object\": \"ProductAndSpecification object (100)\"}}, {\"added\": {\"name\": \"product and specification\", \"object\": \"ProductAndSpecification object (101)\"}}]"
    }
  },
  {
    "model": "admin.logentry",
    "pk": 275,
    "fields": {
      "action_time": "2024-10-08T15:43:40.139Z",
      "user": 1,
      "content_type": 17,
      "object_id": "13",
      "object_repr": "Product tag name: CORSAIR",
      "action_flag": 1,
      "change_message": "[{\"added\": {}}]"
    }
  },
  {
    "model": "admin.logentry",
    "pk": 276,
    "fields": {
      "action_time": "2024-10-08T15:44:22.692Z",
      "user": 1,
      "content_type": 14,
      "object_id": "78",
      "object_repr": "Product specification name: Total Storage Capacity value: 4000 gigabytes",
      "action_flag": 1,
      "change_message": "[{\"added\": {}}]"
    }
  },
  {
    "model": "admin.logentry",
    "pk": 277,
    "fields": {
      "action_time": "2024-10-08T15:45:18.544Z",
      "user": 1,
      "content_type": 14,
      "object_id": "79",
      "object_repr": "Product specification name: Operating System value: Windows 11 Pro",
      "action_flag": 1,
      "change_message": "[{\"added\": {}}]"
    }
  },
  {
    "model": "admin.logentry",
    "pk": 278,
    "fields": {
      "action_time": "2024-10-08T15:45:24.243Z",
      "user": 1,
      "content_type": 11,
      "object_id": "19",
      "object_repr": "ID 19: CORSAIR - VENGEANCE i8200 iCUE Link Gaming Desktop - 4399.99 $",
      "action_flag": 1,
      "change_message": "[{\"added\": {}}, {\"added\": {\"name\": \"Product: image\", \"object\": \"Image url: /media/products/product_19/images/desktop_corsair.jpg for product: CORSAIR - VENGEANCE i8200 iCUE Link Gaming Desktop\"}}, {\"added\": {\"name\": \"product and tag\", \"object\": \"ProductAndTag object (30)\"}}, {\"added\": {\"name\": \"product and tag\", \"object\": \"ProductAndTag object (31)\"}}, {\"added\": {\"name\": \"product and specification\", \"object\": \"ProductAndSpecification object (102)\"}}, {\"added\": {\"name\": \"product and specification\", \"object\": \"ProductAndSpecification object (103)\"}}, {\"added\": {\"name\": \"product and specification\", \"object\": \"ProductAndSpecification object (104)\"}}, {\"added\": {\"name\": \"product and specification\", \"object\": \"ProductAndSpecification object (105)\"}}, {\"added\": {\"name\": \"product and specification\", \"object\": \"ProductAndSpecification object (106)\"}}]"
    }
  },
  {
    "model": "admin.logentry",
    "pk": 279,
    "fields": {
      "action_time": "2024-10-08T15:46:06.517Z",
      "user": 1,
      "content_type": 11,
      "object_id": "19",
      "object_repr": "ID 19: CORSAIR - VENGEANCE i8200 iCUE Link Gaming Desktop - 4399.99 $",
      "action_flag": 2,
      "change_message": "[{\"added\": {\"name\": \"Product: review\", \"object\": \"Product review: 36 for product: CORSAIR - VENGEANCE i8200 iCUE Link Gaming Desktop\"}}]"
    }
  },
  {
    "model": "admin.logentry",
    "pk": 280,
    "fields": {
      "action_time": "2024-10-08T15:47:01.597Z",
      "user": 1,
      "content_type": 11,
      "object_id": "19",
      "object_repr": "ID 19: CORSAIR - VENGEANCE i8200 iCUE Link Gaming Desktop - 4399.99 $",
      "action_flag": 2,
      "change_message": "[{\"added\": {\"name\": \"Product: review\", \"object\": \"Product review: 37 for product: CORSAIR - VENGEANCE i8200 iCUE Link Gaming Desktop\"}}]"
    }
  },
  {
    "model": "admin.logentry",
    "pk": 281,
    "fields": {
      "action_time": "2024-10-08T15:50:00.989Z",
      "user": 1,
      "content_type": 14,
      "object_id": "80",
      "object_repr": "Product specification name: GPU Video Memory (RAM) value: 24 gigabytes",
      "action_flag": 1,
      "change_message": "[{\"added\": {}}]"
    }
  },
  {
    "model": "admin.logentry",
    "pk": 282,
    "fields": {
      "action_time": "2024-10-08T15:50:07.376Z",
      "user": 1,
      "content_type": 11,
      "object_id": "20",
      "object_repr": "ID 20: CLX - HORUS Gaming Desktop - 4399.99 $",
      "action_flag": 1,
      "change_message": "[{\"added\": {}}, {\"added\": {\"name\": \"product and tag\", \"object\": \"ProductAndTag object (32)\"}}, {\"added\": {\"name\": \"product and tag\", \"object\": \"ProductAndTag object (33)\"}}, {\"added\": {\"name\": \"product and specification\", \"object\": \"ProductAndSpecification object (107)\"}}, {\"added\": {\"name\": \"product and specification\", \"object\": \"ProductAndSpecification object (108)\"}}, {\"added\": {\"name\": \"product and specification\", \"object\": \"ProductAndSpecification object (109)\"}}, {\"added\": {\"name\": \"product and specification\", \"object\": \"ProductAndSpecification object (110)\"}}, {\"added\": {\"name\": \"product and specification\", \"object\": \"ProductAndSpecification object (111)\"}}, {\"added\": {\"name\": \"product and specification\", \"object\": \"ProductAndSpecification object (112)\"}}]"
    }
  },
  {
    "model": "admin.logentry",
    "pk": 283,
    "fields": {
      "action_time": "2024-10-08T15:50:54.888Z",
      "user": 1,
      "content_type": 11,
      "object_id": "20",
      "object_repr": "ID 20: CLX - HORUS Gaming Desktop - 4399.99 $",
      "action_flag": 2,
      "change_message": "[{\"added\": {\"name\": \"Product: image\", \"object\": \"Image url: /media/products/product_20/images/desktop_clx_horux.jpg for product: CLX - HORUS Gaming Desktop\"}}]"
    }
  },
  {
    "model": "admin.logentry",
    "pk": 284,
    "fields": {
      "action_time": "2024-10-08T15:54:27.339Z",
      "user": 1,
      "content_type": 14,
      "object_id": "81",
      "object_repr": "Product specification name: Total Storage Capacity value: 4000 gigabytes",
      "action_flag": 1,
      "change_message": "[{\"added\": {}}]"
    }
  },
  {
    "model": "admin.logentry",
    "pk": 285,
    "fields": {
      "action_time": "2024-10-08T15:55:30.653Z",
      "user": 1,
      "content_type": 11,
      "object_id": "21",
      "object_repr": "ID 21: Thermaltake - View C i4790 Gaming Desktop - 3499.99 $",
      "action_flag": 1,
      "change_message": "[{\"added\": {}}, {\"added\": {\"name\": \"Product: review\", \"object\": \"Product review: 38 for product: Thermaltake - View C i4790 Gaming Desktop\"}}, {\"added\": {\"name\": \"product and tag\", \"object\": \"ProductAndTag object (34)\"}}, {\"added\": {\"name\": \"product and specification\", \"object\": \"ProductAndSpecification object (113)\"}}, {\"added\": {\"name\": \"product and specification\", \"object\": \"ProductAndSpecification object (114)\"}}, {\"added\": {\"name\": \"product and specification\", \"object\": \"ProductAndSpecification object (115)\"}}, {\"added\": {\"name\": \"product and specification\", \"object\": \"ProductAndSpecification object (116)\"}}, {\"added\": {\"name\": \"product and specification\", \"object\": \"ProductAndSpecification object (117)\"}}]"
    }
  },
  {
    "model": "admin.logentry",
    "pk": 286,
    "fields": {
      "action_time": "2024-10-08T15:56:03.669Z",
      "user": 1,
      "content_type": 11,
      "object_id": "21",
      "object_repr": "ID 21: Thermaltake - View C i4790 Gaming Desktop - 3499.99 $",
      "action_flag": 2,
      "change_message": "[{\"added\": {\"name\": \"Product: image\", \"object\": \"Image url: /media/products/product_21/images/desktop_Thermaltake.jpg for product: Thermaltake - View C i4790 Gaming Desktop\"}}]"
    }
  },
  {
    "model": "auth.permission",
    "pk": 1,
    "fields": {
      "name": "Can add log entry",
      "content_type": 1,
      "codename": "add_logentry"
    }
  },
  {
    "model": "auth.permission",
    "pk": 2,
    "fields": {
      "name": "Can change log entry",
      "content_type": 1,
      "codename": "change_logentry"
    }
  },
  {
    "model": "auth.permission",
    "pk": 3,
    "fields": {
      "name": "Can delete log entry",
      "content_type": 1,
      "codename": "delete_logentry"
    }
  },
  {
    "model": "auth.permission",
    "pk": 4,
    "fields": {
      "name": "Can view log entry",
      "content_type": 1,
      "codename": "view_logentry"
    }
  },
  {
    "model": "auth.permission",
    "pk": 5,
    "fields": {
      "name": "Can add permission",
      "content_type": 2,
      "codename": "add_permission"
    }
  },
  {
    "model": "auth.permission",
    "pk": 6,
    "fields": {
      "name": "Can change permission",
      "content_type": 2,
      "codename": "change_permission"
    }
  },
  {
    "model": "auth.permission",
    "pk": 7,
    "fields": {
      "name": "Can delete permission",
      "content_type": 2,
      "codename": "delete_permission"
    }
  },
  {
    "model": "auth.permission",
    "pk": 8,
    "fields": {
      "name": "Can view permission",
      "content_type": 2,
      "codename": "view_permission"
    }
  },
  {
    "model": "auth.permission",
    "pk": 9,
    "fields": {
      "name": "Can add group",
      "content_type": 3,
      "codename": "add_group"
    }
  },
  {
    "model": "auth.permission",
    "pk": 10,
    "fields": {
      "name": "Can change group",
      "content_type": 3,
      "codename": "change_group"
    }
  },
  {
    "model": "auth.permission",
    "pk": 11,
    "fields": {
      "name": "Can delete group",
      "content_type": 3,
      "codename": "delete_group"
    }
  },
  {
    "model": "auth.permission",
    "pk": 12,
    "fields": {
      "name": "Can view group",
      "content_type": 3,
      "codename": "view_group"
    }
  },
  {
    "model": "auth.permission",
    "pk": 13,
    "fields": {
      "name": "Can add user",
      "content_type": 4,
      "codename": "add_user"
    }
  },
  {
    "model": "auth.permission",
    "pk": 14,
    "fields": {
      "name": "Can change user",
      "content_type": 4,
      "codename": "change_user"
    }
  },
  {
    "model": "auth.permission",
    "pk": 15,
    "fields": {
      "name": "Can delete user",
      "content_type": 4,
      "codename": "delete_user"
    }
  },
  {
    "model": "auth.permission",
    "pk": 16,
    "fields": {
      "name": "Can view user",
      "content_type": 4,
      "codename": "view_user"
    }
  },
  {
    "model": "auth.permission",
    "pk": 17,
    "fields": {
      "name": "Can add content type",
      "content_type": 5,
      "codename": "add_contenttype"
    }
  },
  {
    "model": "auth.permission",
    "pk": 18,
    "fields": {
      "name": "Can change content type",
      "content_type": 5,
      "codename": "change_contenttype"
    }
  },
  {
    "model": "auth.permission",
    "pk": 19,
    "fields": {
      "name": "Can delete content type",
      "content_type": 5,
      "codename": "delete_contenttype"
    }
  },
  {
    "model": "auth.permission",
    "pk": 20,
    "fields": {
      "name": "Can view content type",
      "content_type": 5,
      "codename": "view_contenttype"
    }
  },
  {
    "model": "auth.permission",
    "pk": 21,
    "fields": {
      "name": "Can add session",
      "content_type": 6,
      "codename": "add_session"
    }
  },
  {
    "model": "auth.permission",
    "pk": 22,
    "fields": {
      "name": "Can change session",
      "content_type": 6,
      "codename": "change_session"
    }
  },
  {
    "model": "auth.permission",
    "pk": 23,
    "fields": {
      "name": "Can delete session",
      "content_type": 6,
      "codename": "delete_session"
    }
  },
  {
    "model": "auth.permission",
    "pk": 24,
    "fields": {
      "name": "Can view session",
      "content_type": 6,
      "codename": "view_session"
    }
  },
  {
    "model": "auth.permission",
    "pk": 25,
    "fields": {
      "name": "Can add profile",
      "content_type": 7,
      "codename": "add_profile"
    }
  },
  {
    "model": "auth.permission",
    "pk": 26,
    "fields": {
      "name": "Can change profile",
      "content_type": 7,
      "codename": "change_profile"
    }
  },
  {
    "model": "auth.permission",
    "pk": 27,
    "fields": {
      "name": "Can delete profile",
      "content_type": 7,
      "codename": "delete_profile"
    }
  },
  {
    "model": "auth.permission",
    "pk": 28,
    "fields": {
      "name": "Can view profile",
      "content_type": 7,
      "codename": "view_profile"
    }
  },
  {
    "model": "auth.permission",
    "pk": 29,
    "fields": {
      "name": "Can add avatar",
      "content_type": 8,
      "codename": "add_avatar"
    }
  },
  {
    "model": "auth.permission",
    "pk": 30,
    "fields": {
      "name": "Can change avatar",
      "content_type": 8,
      "codename": "change_avatar"
    }
  },
  {
    "model": "auth.permission",
    "pk": 31,
    "fields": {
      "name": "Can delete avatar",
      "content_type": 8,
      "codename": "delete_avatar"
    }
  },
  {
    "model": "auth.permission",
    "pk": 32,
    "fields": {
      "name": "Can view avatar",
      "content_type": 8,
      "codename": "view_avatar"
    }
  },
  {
    "model": "auth.permission",
    "pk": 33,
    "fields": {
      "name": "Can add Category: image",
      "content_type": 9,
      "codename": "add_categoryimage"
    }
  },
  {
    "model": "auth.permission",
    "pk": 34,
    "fields": {
      "name": "Can change Category: image",
      "content_type": 9,
      "codename": "change_categoryimage"
    }
  },
  {
    "model": "auth.permission",
    "pk": 35,
    "fields": {
      "name": "Can delete Category: image",
      "content_type": 9,
      "codename": "delete_categoryimage"
    }
  },
  {
    "model": "auth.permission",
    "pk": 36,
    "fields": {
      "name": "Can view Category: image",
      "content_type": 9,
      "codename": "view_categoryimage"
    }
  },
  {
    "model": "auth.permission",
    "pk": 37,
    "fields": {
      "name": "Can add Category: full details",
      "content_type": 10,
      "codename": "add_category"
    }
  },
  {
    "model": "auth.permission",
    "pk": 38,
    "fields": {
      "name": "Can change Category: full details",
      "content_type": 10,
      "codename": "change_category"
    }
  },
  {
    "model": "auth.permission",
    "pk": 39,
    "fields": {
      "name": "Can delete Category: full details",
      "content_type": 10,
      "codename": "delete_category"
    }
  },
  {
    "model": "auth.permission",
    "pk": 40,
    "fields": {
      "name": "Can view Category: full details",
      "content_type": 10,
      "codename": "view_category"
    }
  },
  {
    "model": "auth.permission",
    "pk": 41,
    "fields": {
      "name": "Can add Product: full details",
      "content_type": 11,
      "codename": "add_product"
    }
  },
  {
    "model": "auth.permission",
    "pk": 42,
    "fields": {
      "name": "Can change Product: full details",
      "content_type": 11,
      "codename": "change_product"
    }
  },
  {
    "model": "auth.permission",
    "pk": 43,
    "fields": {
      "name": "Can delete Product: full details",
      "content_type": 11,
      "codename": "delete_product"
    }
  },
  {
    "model": "auth.permission",
    "pk": 44,
    "fields": {
      "name": "Can view Product: full details",
      "content_type": 11,
      "codename": "view_product"
    }
  },
  {
    "model": "auth.permission",
    "pk": 45,
    "fields": {
      "name": "Can add Product: review",
      "content_type": 12,
      "codename": "add_productreview"
    }
  },
  {
    "model": "auth.permission",
    "pk": 46,
    "fields": {
      "name": "Can change Product: review",
      "content_type": 12,
      "codename": "change_productreview"
    }
  },
  {
    "model": "auth.permission",
    "pk": 47,
    "fields": {
      "name": "Can delete Product: review",
      "content_type": 12,
      "codename": "delete_productreview"
    }
  },
  {
    "model": "auth.permission",
    "pk": 48,
    "fields": {
      "name": "Can view Product: review",
      "content_type": 12,
      "codename": "view_productreview"
    }
  },
  {
    "model": "auth.permission",
    "pk": 49,
    "fields": {
      "name": "Can add product and specification",
      "content_type": 13,
      "codename": "add_productandspecification"
    }
  },
  {
    "model": "auth.permission",
    "pk": 50,
    "fields": {
      "name": "Can change product and specification",
      "content_type": 13,
      "codename": "change_productandspecification"
    }
  },
  {
    "model": "auth.permission",
    "pk": 51,
    "fields": {
      "name": "Can delete product and specification",
      "content_type": 13,
      "codename": "delete_productandspecification"
    }
  },
  {
    "model": "auth.permission",
    "pk": 52,
    "fields": {
      "name": "Can view product and specification",
      "content_type": 13,
      "codename": "view_productandspecification"
    }
  },
  {
    "model": "auth.permission",
    "pk": 53,
    "fields": {
      "name": "Can add Product: specification",
      "content_type": 14,
      "codename": "add_productspecification"
    }
  },
  {
    "model": "auth.permission",
    "pk": 54,
    "fields": {
      "name": "Can change Product: specification",
      "content_type": 14,
      "codename": "change_productspecification"
    }
  },
  {
    "model": "auth.permission",
    "pk": 55,
    "fields": {
      "name": "Can delete Product: specification",
      "content_type": 14,
      "codename": "delete_productspecification"
    }
  },
  {
    "model": "auth.permission",
    "pk": 56,
    "fields": {
      "name": "Can view Product: specification",
      "content_type": 14,
      "codename": "view_productspecification"
    }
  },
  {
    "model": "auth.permission",
    "pk": 57,
    "fields": {
      "name": "Can add Product: image",
      "content_type": 15,
      "codename": "add_productimage"
    }
  },
  {
    "model": "auth.permission",
    "pk": 58,
    "fields": {
      "name": "Can change Product: image",
      "content_type": 15,
      "codename": "change_productimage"
    }
  },
  {
    "model": "auth.permission",
    "pk": 59,
    "fields": {
      "name": "Can delete Product: image",
      "content_type": 15,
      "codename": "delete_productimage"
    }
  },
  {
    "model": "auth.permission",
    "pk": 60,
    "fields": {
      "name": "Can view Product: image",
      "content_type": 15,
      "codename": "view_productimage"
    }
  },
  {
    "model": "auth.permission",
    "pk": 61,
    "fields": {
      "name": "Can add product and tag",
      "content_type": 16,
      "codename": "add_productandtag"
    }
  },
  {
    "model": "auth.permission",
    "pk": 62,
    "fields": {
      "name": "Can change product and tag",
      "content_type": 16,
      "codename": "change_productandtag"
    }
  },
  {
    "model": "auth.permission",
    "pk": 63,
    "fields": {
      "name": "Can delete product and tag",
      "content_type": 16,
      "codename": "delete_productandtag"
    }
  },
  {
    "model": "auth.permission",
    "pk": 64,
    "fields": {
      "name": "Can view product and tag",
      "content_type": 16,
      "codename": "view_productandtag"
    }
  },
  {
    "model": "auth.permission",
    "pk": 65,
    "fields": {
      "name": "Can add Product: tag",
      "content_type": 17,
      "codename": "add_producttag"
    }
  },
  {
    "model": "auth.permission",
    "pk": 66,
    "fields": {
      "name": "Can change Product: tag",
      "content_type": 17,
      "codename": "change_producttag"
    }
  },
  {
    "model": "auth.permission",
    "pk": 67,
    "fields": {
      "name": "Can delete Product: tag",
      "content_type": 17,
      "codename": "delete_producttag"
    }
  },
  {
    "model": "auth.permission",
    "pk": 68,
    "fields": {
      "name": "Can view Product: tag",
      "content_type": 17,
      "codename": "view_producttag"
    }
  },
  {
    "model": "auth.permission",
    "pk": 69,
    "fields": {
      "name": "Can add Order: full details",
      "content_type": 18,
      "codename": "add_order"
    }
  },
  {
    "model": "auth.permission",
    "pk": 70,
    "fields": {
      "name": "Can change Order: full details",
      "content_type": 18,
      "codename": "change_order"
    }
  },
  {
    "model": "auth.permission",
    "pk": 71,
    "fields": {
      "name": "Can delete Order: full details",
      "content_type": 18,
      "codename": "delete_order"
    }
  },
  {
    "model": "auth.permission",
    "pk": 72,
    "fields": {
      "name": "Can view Order: full details",
      "content_type": 18,
      "codename": "view_order"
    }
  },
  {
    "model": "auth.permission",
    "pk": 73,
    "fields": {
      "name": "Can add order and product",
      "content_type": 19,
      "codename": "add_orderandproduct"
    }
  },
  {
    "model": "auth.permission",
    "pk": 74,
    "fields": {
      "name": "Can change order and product",
      "content_type": 19,
      "codename": "change_orderandproduct"
    }
  },
  {
    "model": "auth.permission",
    "pk": 75,
    "fields": {
      "name": "Can delete order and product",
      "content_type": 19,
      "codename": "delete_orderandproduct"
    }
  },
  {
    "model": "auth.permission",
    "pk": 76,
    "fields": {
      "name": "Can view order and product",
      "content_type": 19,
      "codename": "view_orderandproduct"
    }
  },
  {
    "model": "auth.permission",
    "pk": 77,
    "fields": {
      "name": "Can add Order: delivery type",
      "content_type": 20,
      "codename": "add_deliverytype"
    }
  },
  {
    "model": "auth.permission",
    "pk": 78,
    "fields": {
      "name": "Can change Order: delivery type",
      "content_type": 20,
      "codename": "change_deliverytype"
    }
  },
  {
    "model": "auth.permission",
    "pk": 79,
    "fields": {
      "name": "Can delete Order: delivery type",
      "content_type": 20,
      "codename": "delete_deliverytype"
    }
  },
  {
    "model": "auth.permission",
    "pk": 80,
    "fields": {
      "name": "Can view Order: delivery type",
      "content_type": 20,
      "codename": "view_deliverytype"
    }
  },
  {
    "model": "auth.permission",
    "pk": 81,
    "fields": {
      "name": "Can add Order: payment type",
      "content_type": 21,
      "codename": "add_paymenttype"
    }
  },
  {
    "model": "auth.permission",
    "pk": 82,
    "fields": {
      "name": "Can change Order: payment type",
      "content_type": 21,
      "codename": "change_paymenttype"
    }
  },
  {
    "model": "auth.permission",
    "pk": 83,
    "fields": {
      "name": "Can delete Order: payment type",
      "content_type": 21,
      "codename": "delete_paymenttype"
    }
  },
  {
    "model": "auth.permission",
    "pk": 84,
    "fields": {
      "name": "Can view Order: payment type",
      "content_type": 21,
      "codename": "view_paymenttype"
    }
  },
  {
    "model": "auth.permission",
    "pk": 85,
    "fields": {
      "name": "Can add Order: status",
      "content_type": 22,
      "codename": "add_orderstatus"
    }
  },
  {
    "model": "auth.permission",
    "pk": 86,
    "fields": {
      "name": "Can change Order: status",
      "content_type": 22,
      "codename": "change_orderstatus"
    }
  },
  {
    "model": "auth.permission",
    "pk": 87,
    "fields": {
      "name": "Can delete Order: status",
      "content_type": 22,
      "codename": "delete_orderstatus"
    }
  },
  {
    "model": "auth.permission",
    "pk": 88,
    "fields": {
      "name": "Can view Order: status",
      "content_type": 22,
      "codename": "view_orderstatus"
    }
  },
  {
    "model": "auth.user",
    "pk": 1,
    "fields": {
      "password": "pbkdf2_sha256$870000$Ab88gmLJ08c8rUIWmJCbu6$w0Qb5YQM/FstyJJeE9Jj1LBJ3RfNfyl6vaU/LeM03vM=",
      "last_login": "2024-10-08T16:53:28.223Z",
      "is_superuser": true,
      "username": "admin",
      "first_name": "",
      "last_name": "",
      "email": "",
      "is_staff": true,
      "is_active": true,
      "date_joined": "2024-10-07T13:46:47.875Z",
      "groups": [],
      "user_permissions": []
    }
  },
  {
    "model": "auth.user",
    "pk": 2,
    "fields": {
      "password": "pbkdf2_sha256$870000$NtbpF67tfXrXh9UBwQ6fFc$1cCleN+CTUPW8Ueub+AZleBwy5yKSp9eISJ+/kOUQYA=",
      "last_login": "2024-10-08T17:06:07.583Z",
      "is_superuser": false,
      "username": "user1",
      "first_name": "",
      "last_name": "",
      "email": "",
      "is_staff": false,
      "is_active": true,
      "date_joined": "2024-10-07T13:50:36.334Z",
      "groups": [],
      "user_permissions": []
    }
  },
  {
    "model": "auth.user",
    "pk": 3,
    "fields": {
      "password": "pbkdf2_sha256$870000$QYUi5HMVqmV1EGPGr4NOGZ$3yVbr5uEoKF3KV1VbJdLhaJWE1KqFCpcMihTFRUaZuo=",
      "last_login": "2024-10-08T16:53:48.735Z",
      "is_superuser": false,
      "username": "user",
      "first_name": "Alex",
      "last_name": "",
      "email": "",
      "is_staff": false,
      "is_active": true,
      "date_joined": "2024-10-07T13:59:31.303Z",
      "groups": [],
      "user_permissions": []
    }
  },
  {
    "model": "auth.user",
    "pk": 4,
    "fields": {
      "password": "pbkdf2_sha256$870000$F7a5zBi68P1Meo0n64P34w$hwQg7TWT6aI58WDCM4lrTSX0XXlbqo+1kkglCG0qbqA=",
      "last_login": "2024-10-07T14:06:54.845Z",
      "is_superuser": false,
      "username": "staf",
      "first_name": " ",
      "last_name": "",
      "email": "",
      "is_staff": true,
      "is_active": true,
      "date_joined": "2024-10-07T14:06:54.657Z",
      "groups": [],
      "user_permissions": [
        77,
        78,
        79,
        80,
        69,
        70,
        71,
        72,
        73,
        74,
        75,
        76,
        85,
        86,
        87,
        88,
        81,
        82,
        83,
        84,
        37,
        38,
        39,
        40,
        33,
        34,
        35,
        36,
        41,
        42,
        43,
        44,
        49,
        50,
        51,
        52,
        61,
        62,
        63,
        64,
        57,
        58,
        59,
        60,
        45,
        46,
        47,
        48,
        53,
        54,
        55,
        56,
        65,
        66,
        67,
        68
      ]
    }
  },
  {
    "model": "contenttypes.contenttype",
    "pk": 1,
    "fields": {
      "app_label": "admin",
      "model": "logentry"
    }
  },
  {
    "model": "contenttypes.contenttype",
    "pk": 2,
    "fields": {
      "app_label": "auth",
      "model": "permission"
    }
  },
  {
    "model": "contenttypes.contenttype",
    "pk": 3,
    "fields": {
      "app_label": "auth",
      "model": "group"
    }
  },
  {
    "model": "contenttypes.contenttype",
    "pk": 4,
    "fields": {
      "app_label": "auth",
      "model": "user"
    }
  },
  {
    "model": "contenttypes.contenttype",
    "pk": 5,
    "fields": {
      "app_label": "contenttypes",
      "model": "contenttype"
    }
  },
  {
    "model": "contenttypes.contenttype",
    "pk": 6,
    "fields": {
      "app_label": "sessions",
      "model": "session"
    }
  },
  {
    "model": "contenttypes.contenttype",
    "pk": 7,
    "fields": {
      "app_label": "user_profile",
      "model": "profile"
    }
  },
  {
    "model": "contenttypes.contenttype",
    "pk": 8,
    "fields": {
      "app_label": "user_profile",
      "model": "avatar"
    }
  },
  {
    "model": "contenttypes.contenttype",
    "pk": 9,
    "fields": {
      "app_label": "products",
      "model": "categoryimage"
    }
  },
  {
    "model": "contenttypes.contenttype",
    "pk": 10,
    "fields": {
      "app_label": "products",
      "model": "category"
    }
  },
  {
    "model": "contenttypes.contenttype",
    "pk": 11,
    "fields": {
      "app_label": "products",
      "model": "product"
    }
  },
  {
    "model": "contenttypes.contenttype",
    "pk": 12,
    "fields": {
      "app_label": "products",
      "model": "productreview"
    }
  },
  {
    "model": "contenttypes.contenttype",
    "pk": 13,
    "fields": {
      "app_label": "products",
      "model": "productandspecification"
    }
  },
  {
    "model": "contenttypes.contenttype",
    "pk": 14,
    "fields": {
      "app_label": "products",
      "model": "productspecification"
    }
  },
  {
    "model": "contenttypes.contenttype",
    "pk": 15,
    "fields": {
      "app_label": "products",
      "model": "productimage"
    }
  },
  {
    "model": "contenttypes.contenttype",
    "pk": 16,
    "fields": {
      "app_label": "products",
      "model": "productandtag"
    }
  },
  {
    "model": "contenttypes.contenttype",
    "pk": 17,
    "fields": {
      "app_label": "products",
      "model": "producttag"
    }
  },
  {
    "model": "contenttypes.contenttype",
    "pk": 18,
    "fields": {
      "app_label": "orders",
      "model": "order"
    }
  },
  {
    "model": "contenttypes.contenttype",
    "pk": 19,
    "fields": {
      "app_label": "orders",
      "model": "orderandproduct"
    }
  },
  {
    "model": "contenttypes.contenttype",
    "pk": 20,
    "fields": {
      "app_label": "orders",
      "model": "deliverytype"
    }
  },
  {
    "model": "contenttypes.contenttype",
    "pk": 21,
    "fields": {
      "app_label": "orders",
      "model": "paymenttype"
    }
  },
  {
    "model": "contenttypes.contenttype",
    "pk": 22,
    "fields": {
      "app_label": "orders",
      "model": "orderstatus"
    }
  },
  {
    "model": "sessions.session",
    "pk": "7qqq5mro8j78dfk4iq07f5n1bcot2b3x",
    "fields": {
      "session_data": ".eJxVjMEOgyAQRP-Fc0NYEAsee-83mMVdirXRRPBk_Pdi4qG9zGHmzdtFj1tJ_ZZ57UcSndDi9tsFHCaez4HeOL8WOSxzWccgT0Rea5bPhfjzuNg_QcKc6hucQY3toIljE9hCBEtAhOZOOrJ3CIqsMj5SIKNacGxs45XTNSC0VRowT1xEtx_HF602O94:1syDhk:v4epX63YcOPv8o7knnerwmYxGVzqvdnQuZqvAb0H7dM",
      "expire_date": "2024-10-22T17:09:00.706Z"
    }
  },
  {
    "model": "sessions.session",
    "pk": "b5nrced26a0xaloqfgdxso8njym5pqhs",
    "fields": {
      "session_data": "eyJiYXNrZXQiOnt9fQ:1sxsnP:wj6XLCs2X7m-aXUgRIsMXuJz7xVNwSN9IbMtXdnAdBI",
      "expire_date": "2024-10-21T18:49:27.103Z"
    }
  },
  {
    "model": "user_profile.profile",
    "pk": 1,
    "fields": {
      "user": 1,
      "full_name": "Administrator",
      "unique_email": "admin@mail.ru",
      "unique_phone": "+70003332233"
    }
  },
  {
    "model": "user_profile.profile",
    "pk": 2,
    "fields": {
      "user": 2,
      "full_name": "John Smit",
      "unique_email": "smit@mail.ru",
      "unique_phone": "+19212223344"
    }
  },
  {
    "model": "user_profile.profile",
    "pk": 3,
    "fields": {
      "user": 3,
      "full_name": "Alex",
      "unique_email": "alexbest@mail.ru",
      "unique_phone": "+78887774411"
    }
  },
  {
    "model": "user_profile.profile",
    "pk": 4,
    "fields": {
      "user": 4,
      "full_name": " ",
      "unique_email": "staf@mail.ru",
      "unique_phone": "+79876543210"
    }
  },
  {
    "model": "user_profile.avatar",
    "pk": 1,
    "fields": {
      "profile": 2,
      "src": "users/user_2/avatar/user_1.png",
      "alt": "Your profile photo is currently unavailable."
    }
  },
  {
    "model": "user_profile.avatar",
    "pk": 2,
    "fields": {
      "profile": 1,
      "src": "users/user_1/avatar/admin.jpg",
      "alt": "Your profile photo is currently unavailable."
    }
  },
  {
    "model": "user_profile.avatar",
    "pk": 3,
    "fields": {
      "profile": 3,
      "src": "users/user_3/avatar/user.png",
      "alt": "Your profile photo is currently unavailable."
    }
  },
  {
    "model": "user_profile.avatar",
    "pk": 4,
    "fields": {
      "profile": 4,
      "src": "users/user_4/avatar/staf.png",
      "alt": "Your profile photo is currently unavailable."
    }
  },
  {
    "model": "products.productandtag",
    "pk": 1,
    "fields": {
      "product": 1,
      "tag": 1
    }
  },
  {
    "model": "products.productandtag",
    "pk": 2,
    "fields": {
      "product": 1,
      "tag": 3
    }
  },
  {
    "model": "products.productandtag",
    "pk": 4,
    "fields": {
      "product": 2,
      "tag": 4
    }
  },
  {
    "model": "products.productandtag",
    "pk": 5,
    "fields": {
      "product": 2,
      "tag": 5
    }
  },
  {
    "model": "products.productandtag",
    "pk": 6,
    "fields": {
      "product": 3,
      "tag": 6
    }
  },
  {
    "model": "products.productandtag",
    "pk": 7,
    "fields": {
      "product": 3,
      "tag": 7
    }
  },
  {
    "model": "products.productandtag",
    "pk": 8,
    "fields": {
      "product": 4,
      "tag": 7
    }
  },
  {
    "model": "products.productandtag",
    "pk": 9,
    "fields": {
      "product": 4,
      "tag": 8
    }
  },
  {
    "model": "products.productandtag",
    "pk": 10,
    "fields": {
      "product": 5,
      "tag": 4
    }
  },
  {
    "model": "products.productandtag",
    "pk": 11,
    "fields": {
      "product": 5,
      "tag": 9
    }
  },
  {
    "model": "products.productandtag",
    "pk": 12,
    "fields": {
      "product": 6,
      "tag": 1
    }
  },
  {
    "model": "products.productandtag",
    "pk": 13,
    "fields": {
      "product": 6,
      "tag": 7
    }
  },
  {
    "model": "products.productandtag",
    "pk": 14,
    "fields": {
      "product": 7,
      "tag": 8
    }
  },
  {
    "model": "products.productandtag",
    "pk": 15,
    "fields": {
      "product": 8,
      "tag": 4
    }
  },
  {
    "model": "products.productandtag",
    "pk": 16,
    "fields": {
      "product": 9,
      "tag": 4
    }
  },
  {
    "model": "products.productandtag",
    "pk": 17,
    "fields": {
      "product": 9,
      "tag": 9
    }
  },
  {
    "model": "products.productandtag",
    "pk": 18,
    "fields": {
      "product": 10,
      "tag": 8
    }
  },
  {
    "model": "products.productandtag",
    "pk": 19,
    "fields": {
      "product": 10,
      "tag": 7
    }
  },
  {
    "model": "products.productandtag",
    "pk": 20,
    "fields": {
      "product": 11,
      "tag": 10
    }
  },
  {
    "model": "products.productandtag",
    "pk": 21,
    "fields": {
      "product": 12,
      "tag": 11
    }
  },
  {
    "model": "products.productandtag",
    "pk": 22,
    "fields": {
      "product": 13,
      "tag": 2
    }
  },
  {
    "model": "products.productandtag",
    "pk": 23,
    "fields": {
      "product": 12,
      "tag": 2
    }
  },
  {
    "model": "products.productandtag",
    "pk": 24,
    "fields": {
      "product": 14,
      "tag": 8
    }
  },
  {
    "model": "products.productandtag",
    "pk": 25,
    "fields": {
      "product": 15,
      "tag": 7
    }
  },
  {
    "model": "products.productandtag",
    "pk": 26,
    "fields": {
      "product": 16,
      "tag": 7
    }
  },
  {
    "model": "products.productandtag",
    "pk": 27,
    "fields": {
      "product": 17,
      "tag": 12
    }
  },
  {
    "model": "products.productandtag",
    "pk": 28,
    "fields": {
      "product": 17,
      "tag": 7
    }
  },
  {
    "model": "products.productandtag",
    "pk": 29,
    "fields": {
      "product": 18,
      "tag": 12
    }
  },
  {
    "model": "products.productandtag",
    "pk": 30,
    "fields": {
      "product": 19,
      "tag": 7
    }
  },
  {
    "model": "products.productandtag",
    "pk": 31,
    "fields": {
      "product": 19,
      "tag": 13
    }
  },
  {
    "model": "products.productandtag",
    "pk": 32,
    "fields": {
      "product": 20,
      "tag": 7
    }
  },
  {
    "model": "products.productandtag",
    "pk": 33,
    "fields": {
      "product": 20,
      "tag": 12
    }
  },
  {
    "model": "products.productandtag",
    "pk": 34,
    "fields": {
      "product": 21,
      "tag": 7
    }
  },
  {
    "model": "products.producttag",
    "pk": 1,
    "fields": {
      "name": "Samsung"
    }
  },
  {
    "model": "products.producttag",
    "pk": 2,
    "fields": {
      "name": "Logitech"
    }
  },
  {
    "model": "products.producttag",
    "pk": 3,
    "fields": {
      "name": "Android"
    }
  },
  {
    "model": "products.producttag",
    "pk": 4,
    "fields": {
      "name": "Apple"
    }
  },
  {
    "model": "products.producttag",
    "pk": 5,
    "fields": {
      "name": "IOS"
    }
  },
  {
    "model": "products.producttag",
    "pk": 6,
    "fields": {
      "name": "Microsoft"
    }
  },
  {
    "model": "products.producttag",
    "pk": 7,
    "fields": {
      "name": "Windows"
    }
  },
  {
    "model": "products.producttag",
    "pk": 8,
    "fields": {
      "name": "MSI"
    }
  },
  {
    "model": "products.producttag",
    "pk": 9,
    "fields": {
      "name": "macOS"
    }
  },
  {
    "model": "products.producttag",
    "pk": 10,
    "fields": {
      "name": "Apex"
    }
  },
  {
    "model": "products.producttag",
    "pk": 11,
    "fields": {
      "name": "Best Sales"
    }
  },
  {
    "model": "products.producttag",
    "pk": 12,
    "fields": {
      "name": "CLX"
    }
  },
  {
    "model": "products.producttag",
    "pk": 13,
    "fields": {
      "name": "CORSAIR"
    }
  },
  {
    "model": "products.category",
    "pk": 1,
    "fields": {
      "title": "Computers & Tablets",
      "parent": null,
      "image": 3,
      "is_active": true
    }
  },
  {
    "model": "products.category",
    "pk": 2,
    "fields": {
      "title": "Tablets",
      "parent": 1,
      "image": 2,
      "is_active": true
    }
  },
  {
    "model": "products.category",
    "pk": 3,
    "fields": {
      "title": "Laptops",
      "parent": 1,
      "image": 4,
      "is_active": true
    }
  },
  {
    "model": "products.category",
    "pk": 4,
    "fields": {
      "title": "Desktops",
      "parent": 1,
      "image": 5,
      "is_active": true
    }
  },
  {
    "model": "products.category",
    "pk": 5,
    "fields": {
      "title": "Monitors",
      "parent": 1,
      "image": 6,
      "is_active": true
    }
  },
  {
    "model": "products.category",
    "pk": 6,
    "fields": {
      "title": "Computer Accessories",
      "parent": 1,
      "image": 7,
      "is_active": true
    }
  },
  {
    "model": "products.category",
    "pk": 7,
    "fields": {
      "title": "Cell Phones",
      "parent": null,
      "image": 8,
      "is_active": true
    }
  },
  {
    "model": "products.category",
    "pk": 8,
    "fields": {
      "title": "Smart Phones",
      "parent": 7,
      "image": 9,
      "is_active": true
    }
  },
  {
    "model": "products.category",
    "pk": 9,
    "fields": {
      "title": "Sattelite Phones",
      "parent": 7,
      "image": 10,
      "is_active": true
    }
  },
  {
    "model": "products.category",
    "pk": 10,
    "fields": {
      "title": "Cases",
      "parent": 7,
      "image": 11,
      "is_active": true
    }
  },
  {
    "model": "products.category",
    "pk": 11,
    "fields": {
      "title": "Protective glasses",
      "parent": 7,
      "image": 12,
      "is_active": true
    }
  },
  {
    "model": "products.category",
    "pk": 12,
    "fields": {
      "title": "Audio",
      "parent": null,
      "image": 13,
      "is_active": true
    }
  },
  {
    "model": "products.category",
    "pk": 13,
    "fields": {
      "title": "Bluetooth Speakers",
      "parent": 12,
      "image": 14,
      "is_active": true
    }
  },
  {
    "model": "products.category",
    "pk": 14,
    "fields": {
      "title": "Headphones",
      "parent": 12,
      "image": 15,
      "is_active": true
    }
  },
  {
    "model": "products.category",
    "pk": 15,
    "fields": {
      "title": "Home Audio",
      "parent": 12,
      "image": 16,
      "is_active": true
    }
  },
  {
    "model": "products.category",
    "pk": 16,
    "fields": {
      "title": "Musical Instruments",
      "parent": 12,
      "image": 17,
      "is_active": true
    }
  },
  {
    "model": "products.category",
    "pk": 17,
    "fields": {
      "title": "Cameras",
      "parent": null,
      "image": 19,
      "is_active": true
    }
  },
  {
    "model": "products.category",
    "pk": 18,
    "fields": {
      "title": "Action Cameras",
      "parent": 17,
      "image": 20,
      "is_active": true
    }
  },
  {
    "model": "products.category",
    "pk": 19,
    "fields": {
      "title": "DSLR Cameras",
      "parent": 17,
      "image": 21,
      "is_active": true
    }
  },
  {
    "model": "products.category",
    "pk": 20,
    "fields": {
      "title": "Camcorder Cameras",
      "parent": 17,
      "image": 22,
      "is_active": true
    }
  },
  {
    "model": "products.categoryimage",
    "pk": 1,
    "fields": {
      "src": "categories/images/com_tab.jpeg",
      "alt": "Image is currently unavailable!"
    }
  },
  {
    "model": "products.categoryimage",
    "pk": 2,
    "fields": {
      "src": "categories/images/tab.jpeg",
      "alt": "Image is currently unavailable!"
    }
  },
  {
    "model": "products.categoryimage",
    "pk": 3,
    "fields": {
      "src": "categories/images/com_tab_jEtbHp1.jpeg",
      "alt": "Image is currently unavailable!"
    }
  },
  {
    "model": "products.categoryimage",
    "pk": 4,
    "fields": {
      "src": "categories/images/laptops.jpeg",
      "alt": "Image is currently unavailable!"
    }
  },
  {
    "model": "products.categoryimage",
    "pk": 5,
    "fields": {
      "src": "categories/images/Desktops.jpg",
      "alt": "Image is currently unavailable!"
    }
  },
  {
    "model": "products.categoryimage",
    "pk": 6,
    "fields": {
      "src": "categories/images/monitors.jpeg",
      "alt": "Image is currently unavailable!"
    }
  },
  {
    "model": "products.categoryimage",
    "pk": 7,
    "fields": {
      "src": "categories/images/Computer_Accessories.jpg",
      "alt": "Image is currently unavailable!"
    }
  },
  {
    "model": "products.categoryimage",
    "pk": 8,
    "fields": {
      "src": "categories/images/Cell_Phones.jpg",
      "alt": "Image is currently unavailable!"
    }
  },
  {
    "model": "products.categoryimage",
    "pk": 9,
    "fields": {
      "src": "categories/images/Smart_Phones.jpg",
      "alt": "Image is currently unavailable!"
    }
  },
  {
    "model": "products.categoryimage",
    "pk": 10,
    "fields": {
      "src": "categories/images/Sattelite_Phones.png",
      "alt": "Image is currently unavailable!"
    }
  },
  {
    "model": "products.categoryimage",
    "pk": 11,
    "fields": {
      "src": "categories/images/telephone_cases.jpg",
      "alt": "Image is currently unavailable!"
    }
  },
  {
    "model": "products.categoryimage",
    "pk": 12,
    "fields": {
      "src": "categories/images/telephone_Protective_glasses.jpg",
      "alt": "Image is currently unavailable!"
    }
  },
  {
    "model": "products.categoryimage",
    "pk": 13,
    "fields": {
      "src": "categories/images/audio.jpg",
      "alt": "Image is currently unavailable!"
    }
  },
  {
    "model": "products.categoryimage",
    "pk": 14,
    "fields": {
      "src": "categories/images/Bluetooth_Speakers.jpg",
      "alt": "Image is currently unavailable!"
    }
  },
  {
    "model": "products.categoryimage",
    "pk": 15,
    "fields": {
      "src": "categories/images/Headphones.jpg",
      "alt": "Image is currently unavailable!"
    }
  },
  {
    "model": "products.categoryimage",
    "pk": 16,
    "fields": {
      "src": "categories/images/Home_Audio.png",
      "alt": "Image is currently unavailable!"
    }
  },
  {
    "model": "products.categoryimage",
    "pk": 17,
    "fields": {
      "src": "categories/images/Musical_Instruments.jpg",
      "alt": "Image is currently unavailable!"
    }
  },
  {
    "model": "products.categoryimage",
    "pk": 19,
    "fields": {
      "src": "categories/images/cameras.png",
      "alt": "Image is currently unavailable!"
    }
  },
  {
    "model": "products.categoryimage",
    "pk": 20,
    "fields": {
      "src": "categories/images/Action_Cameras.jpg",
      "alt": "Image is currently unavailable!"
    }
  },
  {
    "model": "products.categoryimage",
    "pk": 21,
    "fields": {
      "src": "categories/images/DSLR_Cameras.jpg",
      "alt": "Image is currently unavailable!"
    }
  },
  {
    "model": "products.categoryimage",
    "pk": 22,
    "fields": {
      "src": "categories/images/Camcorder_Cameras.jpg",
      "alt": "Image is currently unavailable!"
    }
  },
  {
    "model": "products.productreview",
    "pk": 1,
    "fields": {
      "author": "Awesomeness",
      "email": "Awesomeness@gmail.com",
      "text": "This machine is amazing. You definitely get what you pay for. Blazing speeds and truly beautiful case that will definitely leave you in awe. I would recommend this to any gaming enthusiasts who can appreciate the best.",
      "rate": 5,
      "date": "2024-10-08T11:15:41.179Z",
      "product": 10
    }
  },
  {
    "model": "products.productreview",
    "pk": 2,
    "fields": {
      "author": "Great machine",
      "email": "Great_machine@gmail.com",
      "text": "Great features, powerful machine, value for money.",
      "rate": 4,
      "date": "2024-10-08T11:16:17.143Z",
      "product": 10
    }
  },
  {
    "model": "products.productreview",
    "pk": 3,
    "fields": {
      "author": "reviewer123",
      "email": "reviewer123@gmail.com",
      "text": "Powerful and amazing desktop.",
      "rate": 5,
      "date": "2024-10-08T11:18:39.345Z",
      "product": 10
    }
  },
  {
    "model": "products.productreview",
    "pk": 8,
    "fields": {
      "author": "Customers are saying",
      "email": "Customers_are_saying@gmail.com",
      "text": "Customers express satisfaction with the Galaxy Tab A9+ 11\" 128GB - Wi-Fi, particularly its affordability, large screen size, and extended battery life. Many users also appreciate the tablet's fast performance and responsive app usage. However, some customers have noted the absence of a power adapter in the packaging.",
      "rate": 4,
      "date": "2024-10-08T11:47:33.286Z",
      "product": 1
    }
  },
  {
    "model": "products.productreview",
    "pk": 9,
    "fields": {
      "author": "Nice",
      "email": "nicedf@gmail.com",
      "text": "A giant leap from the a7 I had. Thank goodness for the 90ghz, much better. It serves most games but I wouldn't recommended for extreme frame rate games. It's fast as long as you don't have 10+ apps open at once. Battery life is just a smidge behind the a7 but it's more powerful so it still last me 3 or 4 days. Overall I hand it a A- for it's price range.",
      "rate": 5,
      "date": "2024-10-08T11:48:19.926Z",
      "product": 1
    }
  },
  {
    "model": "products.productreview",
    "pk": 10,
    "fields": {
      "author": "The Verge",
      "email": "Verge@gmail.com",
      "text": "The 2024 Surface Pro (dubbed the 11th Edition) is sleek, thin, and boasts a beautiful OLED screen. Powered by Qualcomms Snapdragon X chips, it offers long battery life. However, Arm compatibility isnt flawless yet, and the Flex Keyboard is pricey. Still, if youre after a premium 2-in-1, this Surface feels fresh and modern. Windows Central calls it a stunning achievement with excellent performance and battery life, making it a must-recommend device.",
      "rate": 5,
      "date": "2024-10-08T11:50:09.064Z",
      "product": 3
    }
  },
  {
    "model": "products.productreview",
    "pk": 11,
    "fields": {
      "author": "Tom's Hardware",
      "email": "tomshd@gmail.com",
      "text": "Microsoft Surface Pro (2024) review: Copilot+ flagship is beautiful, but AI features are shrug-worthyIt's the hardware, not the AI, that makes the new Surface Pro sing.",
      "rate": 3,
      "date": "2024-10-08T11:51:01.684Z",
      "product": 3
    }
  },
  {
    "model": "products.productreview",
    "pk": 12,
    "fields": {
      "author": "Laptop Mag",
      "email": "mag234@gmail.com",
      "text": "Great fast computer definitely more than I thought it was when I first was looking into it.  I would recommend this to a friend",
      "rate": 5,
      "date": "2024-10-08T11:52:47.535Z",
      "product": 3
    }
  },
  {
    "model": "products.productreview",
    "pk": 13,
    "fields": {
      "author": "dogabuse",
      "email": "dogabuse@gmail.com",
      "text": "It was really scratched up bad screen didn't work right I was difficult to turn on buy a Samsung instead",
      "rate": 3,
      "date": "2024-10-08T11:54:46.966Z",
      "product": 2
    }
  },
  {
    "model": "products.productreview",
    "pk": 14,
    "fields": {
      "author": "David",
      "email": "bestdavid@gmail.com",
      "text": "After a week of moderate use, I believe this is one of Apples best products to date! Compact, powerful, and practical, this newest M4 iPad Pro checks off a lot of boxes for users needing something that will get them through the entire day. Coupled with the pro keyboard case, it serves as a nice laptop replacement for normal, everyday use, breezing through all of your operations and media consumption. The displays unmatched clarity and brightness alone is worth everything, making mobile games come to life.\r\n\r\nSome of the best things that I love about this tablet are: the new M4 chipset (incredibly powerful and efficient); the tandem OLED display (very bright and vibrant colors); sleek, thin, and featherweight design, and all-day battery life. I havent connected mine to a mobile plan just yet, but have been testing out mobile hotspot via my cell phone, and Im getting over 14 hours of constant video use! Insanity!",
      "rate": 5,
      "date": "2024-10-08T11:56:06.806Z",
      "product": 2
    }
  },
  {
    "model": "products.productreview",
    "pk": 15,
    "fields": {
      "author": "Serhio",
      "email": "serhio27@gmail.com",
      "text": "I recently visited 'MyShop' in Saint Petersburg, to purchase an MSI laptop, and I couldn't be happier with the service I received. The staff was incredibly attentive and knowledgeable, helping me navigate through the various models and specifications to find the perfect fit for my needs. I ultimately chose the MSI katana a15 Stealth, and it has been an amazing investment. The laptop boasts a sleek and professional design, perfect for both gaming and work. It features a powerful amd ryzen 9 processor, 16GB of RAM, and an NVIDIA GeForce RTX 4070 graphics card, making it a beast for gaming and heavy-duty tasks. The 15.6-inch Full HD display is vibrant and crisp, and the 244Hz refresh rate ensures smooth and fluid visuals. i really enjoy editing in adobe. The purchasing process at Best Buy was seamless. The staff answered all my questions and even provided some useful tips for maintaining the laptop. They also offered a great warranty plan, which gave me peace of mind.",
      "rate": 5,
      "date": "2024-10-08T11:58:40.388Z",
      "product": 4
    }
  },
  {
    "model": "products.productreview",
    "pk": 16,
    "fields": {
      "author": "Laptot Reviwer",
      "email": "laprev@gmail.com",
      "text": "For a reasonable price this laptop has many features and upgradable slots there is two 4 Gen (PCI-e) NVMe m.2 SSD SATA drives for extremely high performance and up to 7.88 GB/s bandwidth, the PCIe Gen 4 allows users to load up any game and task with lighting fast speeds and yes it comes with a off the shelf 1 TB but I have already upgraded to a Samsung 990 Pro 4 TB with the original terabyte which comes to the total of 5 TB of storage capacity but you can upgrade it to the total of (28 TB) 16 TB of storage capacity which is the equivalent of 16,000 gigabytes, the ram is DDR5 with it come with (28 GB) 16GB but can upgrade to (232 GB) 64GB which I have upgraded to (216 GB) 32GB. The GPU is an third gen RT Cores Nvidia GeForce RTX 40 series with the (4070) G6 GDDR6 8 GB of GPU Ram with Nvidia MAX-Q is an advanced suite of AI-powered technologies with RAY TRACING\r\nHYPERREALISTIC HYPERFAST with",
      "rate": 5,
      "date": "2024-10-08T11:59:58.315Z",
      "product": 4
    }
  },
  {
    "model": "products.productreview",
    "pk": 17,
    "fields": {
      "author": "MohammadM",
      "email": "mohammadm@gmail.com",
      "text": "I was really excited for this laptop with the Intel Core Ultra CPU for their efficiency cores. I travel a lot for work so battery life is super important, but also appreciate the ability to play some games back at the hotel. \r\n\r\n+ Screen is gorgeous \r\n+ Felt light for its size\r\n+ I didn't hear any fan noise during the day\r\n\r\n+/- I'm realistically going to get 8 hours of battery doing work and 6-7hrs before feeling worried about finding a power outlet. I don't need to do anything intense on my machine, just lots of Microsoft Office stuff, gmail and video meetings. Most of the online reviewers use benchmarking tools like Modern Office, or run netflix related streaming tests for battery life, but that did really cover my use case.\r\n+/- I miss windows hello with camera, but the fingerprint reader is real fast\r\n+/- Giant touchpad almost seems too big\r\n\r\n- Teams and Zoom calls drained battery fast. I'm usually going to be connected to a powerline if I'm taking video calls.",
      "rate": 4,
      "date": "2024-10-08T12:27:46.851Z",
      "product": 6
    }
  },
  {
    "model": "products.productreview",
    "pk": 18,
    "fields": {
      "author": "GiuseppeC",
      "email": "giuseppe@gmail.com",
      "text": "The Samsung Galaxy Book 4 Ultra lives up to its name by offering excellent Nvidia RTX-driven performance, a vibrant 16-inch OLED display, a svelte lightweight design and incredible battery life. Even if you dont care for the Samsung apps it comes with, this is an all-around excellent Windows laptop.\r\n\r\nPros:\r\n\r\n+Lightweight design\r\n+Gorgeous 16-inch OLED display\r\n+Powerful RTX performance\r\n+Roomy keyboard\r\n+Excellent battery life",
      "rate": 4,
      "date": "2024-10-08T12:28:44.082Z",
      "product": 6
    }
  },
  {
    "model": "products.productreview",
    "pk": 19,
    "fields": {
      "author": "user",
      "email": "user@mail.ru",
      "text": "Customers are delighted by the MacBook Pro 14\" Laptop's long battery life, powerful performance, stunning display, and sleek design. They appreciate its portability, powerful M3 chip, and ample storage. Video editors praise its ability to handle 4K video editing with ease. The easy setup process is also a plus. On the downside, some customers find the price to be a bit steep, especially for those who want more memory.",
      "rate": 5,
      "date": "2024-10-08T12:29:37.967Z",
      "product": 5
    }
  },
  {
    "model": "products.productreview",
    "pk": 20,
    "fields": {
      "author": "user1",
      "email": "user1@mail.ru",
      "text": "This is my fourth MacBook Pro and I have used the heck out of all of them. In fact I still use all of them going back decades. They work fine, the only limitation is that the OS cannot be updated enough to be used with modern programs. In fact I have one I have kept in Snow Leopard to be able to use Final Cut Pro7 with the wonderful options it had. Solid machines all. Batteries wear out eventually, but the bones are great. This new one is by far the best - faster than a speeding bullet. I've been importing video files and I am amazed at how quickly they are transferred. I have not started crunching the compression of new videos yet, but I have no doubt that this machine will be faster than anything else. I had been wanting to move up to a new MBP for some time but I resented needing dongles for everything - finally we are back to a set of the most useful connecters  built in. I find the fingerprint ID very useful. Safari is solid and glitch-free so far.  More than anything, the battery",
      "rate": 5,
      "date": "2024-10-08T12:30:03.111Z",
      "product": 5
    }
  },
  {
    "model": "products.productreview",
    "pk": 21,
    "fields": {
      "author": "Steven",
      "email": "steven@gmail.com",
      "text": "he most frustrating PC experience I've ever had. I've been using a Mac to complete some work, and it was working nicely. After using Windows PCs and Chromebooks, I can not fathom why anyone would make operating a computer so incredibly frustrating to use. Want to change or do anything? Type in your password. Want to adjust the time? Of course one can't just click the time and go to the settings- why would that ever happen. Search for settings. Search for Time. Scroll around, just to find out you can't. You can only do it if you're connected to the internet. JFC. Even the scrolling- after googling how the heck to even change it, their \"natual\" setting that follows ones finger specifically does the opposite of ones finger. Dark mode is incredibly bright. I am so overwhelmed by how terribly this system is designed.",
      "rate": 1,
      "date": "2024-10-08T12:31:01.005Z",
      "product": 5
    }
  },
  {
    "model": "products.productreview",
    "pk": 22,
    "fields": {
      "author": "Juancho",
      "email": "juancho@gmail.com",
      "text": "Impressive speed. Silent and very powerful. I was hesitating between a Macbook Pro M3 Max and this one, but now I have no doubts. My Cinema 4D/Redshift projects that took 3-4 days to render on a beefed up PC with Nvidia graphics, now only take one night to render on this baby. Love it so far!",
      "rate": 5,
      "date": "2024-10-08T12:34:26.973Z",
      "product": 9
    }
  },
  {
    "model": "products.productreview",
    "pk": 23,
    "fields": {
      "author": "NotMarioLopez",
      "email": "notmariolopezo@gmail.com",
      "text": "Yes! The Apple M2 Ultra is the Best desktop computer money can buy.",
      "rate": 5,
      "date": "2024-10-08T12:34:26.975Z",
      "product": 9
    }
  },
  {
    "model": "products.productreview",
    "pk": 24,
    "fields": {
      "author": "Dwaino",
      "email": "dwaino@gmail.com",
      "text": "Mac Studio working great! Migration from old Mac worked perfectly.",
      "rate": 5,
      "date": "2024-10-08T12:34:26.976Z",
      "product": 9
    }
  },
  {
    "model": "products.productreview",
    "pk": 25,
    "fields": {
      "author": "Ardasher",
      "email": "ardasher@gmail.com",
      "text": "he MSI Gaming Monitor seems to be an excellent choice for gamers such as Myself who prioritize build quality and image clarity. With its superb construction, the monitor not only promises durability but also adds a sleek, professional look to any gaming setup. The standout feature, however, appears to be its pixel quality. Outstanding pixel performance ensures sharp, vibrant visuals that enhance gaming experiences, making details pop and providing a more immersive experience. Whether you're gaming or consuming media, this monitor delivers both aesthetically and functionally, making it a highly recommended choice for those looking to upgrade their display. I am loving it so far!",
      "rate": 5,
      "date": "2024-10-08T12:36:33.169Z",
      "product": 7
    }
  },
  {
    "model": "products.productreview",
    "pk": 26,
    "fields": {
      "author": "Omar",
      "email": "omar@gmail.com",
      "text": "Is a pretty solid pick for the price 2k definition and 180hz for 189$ is a really good price and it has really nice features. Yes it doesn't have G-sync nor free Sync but they include Adaptive sync and it works perfectly fine. Biside that you have HDR and 27 inches on a curve monitor. The only thing I would add as an improvement would be a smaller base because the one that comes with it i really big.",
      "rate": 5,
      "date": "2024-10-08T12:36:33.170Z",
      "product": 7
    }
  },
  {
    "model": "products.productreview",
    "pk": 27,
    "fields": {
      "author": "JasonC",
      "email": "jasonc@gmail.com",
      "text": "recently upgraded to the Apple Studio Display, and I couldn't be happier with my decision! From the moment I unboxed it, the sleek design and premium build quality were evident. The 27-inch 5K Retina display is simply breathtaking. The colors are vibrant, and the sharpness is unparalleledperfect for graphic design and video editing.\r\n\r\nThe True Tone technology adapts beautifully to different lighting conditions, providing a comfortable viewing experience throughout the day. The built-in speakers deliver impressive sound quality, and the FaceTime HD camera ensures I look my best on video calls.\r\n\r\nSetting it up was a breeze, and the seamless integration with my Mac is a huge plus. Whether I'm working or enjoying some downtime, the Studio Display has transformed my workspace into a creative haven.\r\n\r\nOverall, I highly recommend the Apple Studio Display to anyone looking for a top-tier monitor. Its worth every penny for the clarity, functionality, and aesthetic appeal.",
      "rate": 5,
      "date": "2024-10-08T12:38:15.907Z",
      "product": 8
    }
  },
  {
    "model": "products.productreview",
    "pk": 28,
    "fields": {
      "author": "user",
      "email": "user@mail.ru",
      "text": "Perfect keyboard! I recommend to buy!",
      "rate": 5,
      "date": "2024-10-08T12:45:46.598Z",
      "product": 11
    }
  },
  {
    "model": "products.productreview",
    "pk": 29,
    "fields": {
      "author": "amyk7277",
      "email": "amyk7277@gmail.com",
      "text": "The quality of the keyboard is topnotch. I am impressed with how well it's made. The keys are very comfortable to use. I am amazed at how long the battery lasts. It's a sleek design, perfect for gaming.",
      "rate": 5,
      "date": "2024-10-08T14:51:54.155Z",
      "product": 12
    }
  },
  {
    "model": "products.productreview",
    "pk": 30,
    "fields": {
      "author": "jody35",
      "email": "jody35@gmail.com",
      "text": "Logitech makes quality items. This keyboard is no exception. It is heavy duty yet lightweight, very attractive looking with the colored light up features. It is well made with exceptional battery life. I love the sleekness of it and the overall appearance is very pleasing. Easy to navigate easy to use and an incredible addition to my son's gaming computer.\r\nVery thankful and highly recommended",
      "rate": 5,
      "date": "2024-10-08T14:52:34.555Z",
      "product": 12
    }
  },
  {
    "model": "products.productreview",
    "pk": 31,
    "fields": {
      "author": "tunabootie",
      "email": "tunabootie@gmail.com",
      "text": "To be completely honest Ive owned the first gen for about 2 years now and its the exact same mouse nothing has changed. Has better polling rate but really doesnt affect the mouse performance. I felt it was a little wonky compared to the first gen. Maybe Im just so used to how my first one feels but I didnt even use it more than once before I returned it to find a better alternative. Dont recommend if you want something better but if you want the same mouse because you like it go ahead and get it.",
      "rate": 3,
      "date": "2024-10-08T15:02:48.596Z",
      "product": 13
    }
  },
  {
    "model": "products.productreview",
    "pk": 32,
    "fields": {
      "author": "AndreiC",
      "email": "Andreic@gmail.com",
      "text": "The mouse had a good shape and the build quality felt nice. The grip tape was very good surprisingly and the mouse feet were very smooth. The clicks felt crispy but actuation on them is a bit heavy and takes time getting used to. On a standard 240hz monitor, the upgrade to the 2k polling rate isnt even much of an upgrade considering how unnoticeable it is so I would recommend staying at 1k for longer battery life. The usb-c coord is nice and much better than micro usb found on old ones however it still is a rubber cable. Overall, its a good mouse and I would recommend getting it if you dont currently own the older model.",
      "rate": 4,
      "date": "2024-10-08T15:03:39.972Z",
      "product": 13
    }
  },
  {
    "model": "products.productreview",
    "pk": 33,
    "fields": {
      "author": "Jeremiah",
      "email": "jeremiah@gmail.com",
      "text": "Sensitive and great gaming mouse! Easy to change the sensitivity if needed + wireless is cool",
      "rate": 5,
      "date": "2024-10-08T15:10:48.186Z",
      "product": 14
    }
  },
  {
    "model": "products.productreview",
    "pk": 34,
    "fields": {
      "author": "ElaineS",
      "email": "elaine@gmail.com",
      "text": "When I bought my new PC I want the Geek Squad to install it especially since I have a Best Buy Total Membership.  The sales agent told me that the Geek Squad no longer goes to homes.  I am still working to resolve issues that the Geek Squad could have easily addressed.  When I returned to the store to pick up my CPU I talked to the greeter about this.  He said the Geek Squad still goes to homes.  You guys need to get this fixed.  I really did not need this hassle!  My membership is coming up for renewal and I am wondering if I should bother to renew it.  This is NOT the way to treat paying customers!",
      "rate": 4,
      "date": "2024-10-08T15:18:52.384Z",
      "product": 15
    }
  },
  {
    "model": "products.productreview",
    "pk": 35,
    "fields": {
      "author": "AhmedD",
      "email": "ahmedb@gmail.com",
      "text": "Super power quiet rig. The ventilation is so smart. Nice design. ..... \r\n I love it",
      "rate": 5,
      "date": "2024-10-08T15:25:37.866Z",
      "product": 16
    }
  },
  {
    "model": "products.productreview",
    "pk": 36,
    "fields": {
      "author": "Rocketgirl",
      "email": "rocketgirl@gmail.com",
      "text": "This is a nice computer. A little more expensive than I wanted but does Microsoft Windows Solitaire pretty well.",
      "rate": 5,
      "date": "2024-10-08T15:46:06.516Z",
      "product": 19
    }
  },
  {
    "model": "products.productreview",
    "pk": 37,
    "fields": {
      "author": "user",
      "email": "user@mail.ru",
      "text": "The desktop has arrived defective.",
      "rate": 1,
      "date": "2024-10-08T15:47:01.595Z",
      "product": 19
    }
  },
  {
    "model": "products.productreview",
    "pk": 38,
    "fields": {
      "author": "SamK",
      "email": "samk@gmail.com",
      "text": "If my toy Yorkie Coco could assemble this PC, it would definitely do a better job. All input-output connections are inside the case, so even if you want to connect a hard drive, you have to open the case. This case is unnecessarily huge and can be used as storage if needed. There are 13 cheap old fans which can cause eye strain and headaches after a day of use. Unfortunately, even Thermaltake or OpenRGB can't detect the fans, which means you have no control over lights, speed, etc. It's not worth your money, I returned it after 72 hours when 4 of the fans stopped working. When I took it to BestBuy, they told me it was a motherboard issue.y told me it was a motherboard issue.",
      "rate": 1,
      "date": "2024-10-08T15:55:30.650Z",
      "product": 21
    }
  },
  {
    "model": "products.product",
    "pk": 1,
    "fields": {
      "title": "Samsung - Galaxy Tab A9+",
      "category": 2,
      "price": "157.00",
      "sales_price": "140.00",
      "sales_from": null,
      "sales_to": null,
      "received_amount": 100,
      "count": 100,
      "created_date": "2024-10-07T18:45:42.733Z",
      "free_delivery": true,
      "shot_description": "Meet your go to device for on-the-go family fun Galaxy Tab A9+. A bright, engaging 11\" screen is perfect for every family member to do what they love. Whether theyre enjoying a show, unwinding with a game, or catching up on schoolwork or day to day tasks, an upgraded chipset makes every experience feel smooth and easy. You can even open multiple apps at the same time and get all your everyday tasks done quickly. Use it for hours without worrying about power and keep everything you love together with plenty of storage space. Plus, the preloaded Samsung Kids app provides a safe digital environment for your little ones to happily learn and play. Give your family a great all in one Tab that perfectly meets all their everyday needs without taking a bite out of your wallet Galaxy Tab A9+.",
      "full_description": "Big screen. Family sized fun.Bring fun home to everyone with a bright, engaging 11\" screen. A refresh rate of up to 90Hz makes every experience feel smooth its great for videos, games, or fun time for the kids.Rich sound all aroundYour music. Your shows. Your games. Hear them all loud and clear, thanks to quad speakers powered by Dolby Atmos. Galaxy Tab A9+ delivers a cinema like audio experience your ears will love.Power for all you do. Storage for all you love.Galaxy Tab A9+ gives everyone in the family the performance they need for all the things they love to do. Knock out daily tasks and then unwind with a movie or game. The upgraded chipset makes it easy to keep up with everyones favorite pastimes.Plus, youll have room to keep the files you want with 128GB of included storage and up to 1TB more when you add on a microSD card.See and use multiple apps at onceOpen multiple apps at once with Galaxy Tab A9+ and accomplish more seamlessly. Bounce between the things you need to do like a multitasking pro. Browse on the internet, check your email and jot down your notes all on one screen.Loved by kids. Trusted by parents.Give your kids a safe place to learn and play with the Samsung Kids app. Kids will love a wide variety of playful, colorful content that keeps them entertained while stimulating their young minds.And youll enjoy peace of mind knowing your kid is playing in a safe environment with parental controls that give you the power to choose their activities and for how long they play. Its easy to use just access the app on your Quick Panel and let the fun begin.Slim. Light. Durable.Carry your Tab easily with a slim, light design thats also durable. Galaxy Tab A9+ is the perfect blend of performance and portability to help you bring the fun with you wherever you go.Send files in a flashSharing files with family members has never been easier with Quick Share. Select the file you want to share on your device from a video clip to a photo of your favorite cat. Then easily transfer the file to another device whether its Android or iOS.Take it to the big screenWith Smart View, you get to experience your favorite videos exactly how you want. Looking to see more detail on that sports clip or cooking video youre watching on your Tab? Cast it to your Samsung TV and experience the thrills on your TV screen.Keep the conversation goingWith Galaxy, its easy to stay connected to family and friends. Pick up a call or return a text from your Tab, even if your phone is in the next room.Measured diagonally, the Galaxy Tab A9+ screen size is 11.0\" in the full rectangle and 10.9\" accounting for the rounded corners. Actual viewable area is less due to the rounded corners.Portion of storage / memory occupied by existing content.MicroSD card sold separately.Certain applications may not support Multi Active Windows use.Samsung Kids app comes preloaded on Galaxy Tab A9+.Requires devices to have One UI 2.5 or later. Devices must be logged in to the same Samsung account and be on the same Wi Fi network.",
      "rating": "4.5",
      "sorting_index": 3,
      "is_active": true,
      "is_limited": true,
      "is_sales": true
    }
  },
  {
    "model": "products.product",
    "pk": 2,
    "fields": {
      "title": "Apple - 13-inch iPad Pro M4",
      "category": 2,
      "price": "1118.00",
      "sales_price": null,
      "sales_from": null,
      "sales_to": null,
      "received_amount": 100,
      "count": 100,
      "created_date": "2024-10-08T07:43:31.956Z",
      "free_delivery": false,
      "shot_description": "Apple - 13-inch iPad Pro M4 chip Built for Apple Intelligence Wi-Fi 512GB with OLED - Space Black.The new iPad Pro is impossibly thin, featuring outrageous performance with the Apple M4 chip, a breakthrough Ultra Retina XDR display, and superfast Wi-Fi 6E. Along with Apple Pencil Pro and Magic Keyboard, it brings endless versatility, creativity, and productivity to your fingertips.",
      "full_description": "13-INCH ULTRA RETINA XDR DISPLAYUltra Retina XDR delivers extreme brightness and contrast, exceptional color accuracy, and features advanced technologies like ProMotion, P3 wide color, and True Tone. Plus a nano-texture glass option is available in 1TB and 2TB configurations.      BUILT FOR APPLE INTELLIGENCE: Apple Intelligence helps you write, express yourself, and get things done effortlessly. It draws on your personal context while setting brand-new standard for privacy in AI. Coming in beta this fall.      PERFORMANCE AND STORAGEUp to 10-core CPU in the M4 chip delivers powerful performance, while the 10core GPU provides blazing-fast graphics. And with all-day battery life, you can do everything you can imagine on iPad Pro. Up to 2TB of storage means you can store everything from apps to large files like 4K video.      IPADOS + APPSiPadOS makes iPad more productive, intuitive, and versatile. With iPadOS, run multiple apps at once, use Apple Pencil to write in any text field with Scribble, and edit and share photos. Stage Manager makes multitasking easy with resizable, overlapping apps and external display support. iPad Pro comes with essential apps like Safari, Messages, and Keynote, with over a million more apps available on the App Store.      APPLE PENCIL AND MAGIC KEYBOARD FOR IPAD PROApple Pencil Pro transforms iPad Pro into an immersive drawing canvas and the worlds best notetaking device. Apple Pencil (USB-C) is also compatible with iPad Pro. Magic Keyboard for iPad Pro features a thin and light design, great typing experience, and a builtin glass trackpad with haptic feedback, while doubling as a protective cover for iPad. Accessories sold separately.      ADVANCED CAMERASiPad Pro features a landscape 12MP Ultra Wide front camera that supports Center Stage for videoconferencing or epic Portrait mode selfies. The 12MP Wide back camera with adaptive True Tone flash is great for capturing photos or 4K video with ProRes support. Four studio-quality microphones and a four-speaker audio system provide rich audio. And AR experiences are enhanced with the LiDAR Scanner to capture a depth map of any space.      CONNECTIVITYWi-Fi 6E gives you fast wireless connections. Work from almost anywhere with quick transfers of photos, documents, and large video files. Connect to external displays, drives, and more using the USB-C connector with support for Thunderbolt / USB 4.      UNLOCK AND PAY WITH FACE IDUnlock your iPad Pro, securely authenticate purchases, sign in to apps, and moreall with just a glance.",
      "rating": "4.0",
      "sorting_index": 2,
      "is_active": true,
      "is_limited": false,
      "is_sales": false
    }
  },
  {
    "model": "products.product",
    "pk": 3,
    "fields": {
      "title": "Microsoft - Surface Pro - Copilot+ PC",
      "category": 2,
      "price": "1012.00",
      "sales_price": "1000.00",
      "sales_from": "2024-10-08",
      "sales_to": "2024-10-31",
      "received_amount": 100,
      "count": 99,
      "created_date": "2024-10-08T07:52:52.519Z",
      "free_delivery": true,
      "shot_description": "Microsoft - Surface Pro - Copilot+ PC - 13 - Snapdragon X Plus - 16GB Memory - 512GB SSD - Device Only (11th Edition) - Black. The most flexible laptop, reimagined  Surface Pro helps you get the most out of your day with accelerated performance that unlocks a new AI era to enable Copilot experiences, and battery life to keep you going all-day long. All wrapped up in an ultra-portable design that can replace your tablet, your laptop, and does more than you could ever imagine.",
      "full_description": "Copilot+ PCs. A new AI era begins      Turn your ideas from text prompts into generated artwork. With Recall*, search across time to find the content you need. Understand new languages instantly with Live Captions. Copilot+ PCs powered by the Snapdragon X Plus processor come with 45 Trillion Operations Per Second of NPU power, and theyre all set to transform the way you create, find and communicate.     Get a fresh perspective with Windows 11      From a rejuvenated Start menu, to new ways to connect to your favorite people, news, games, and contentWindows 11 is the place to think, express, and create in a natural way.     13\" PixelSense Flow display with 2880 x 1920 resolution      Virtually edge-to-edge 13 PixelSense touchscreen with a 1200:1 contrast ratio and a dynamic refresh rate up to 120Hz.     Snapdragon X Plus (10 core) processor      Unleash the power of aCopilot+ PCwith the new Snapdragon X Plus (10 core) Processor. Experience unparalleled productivity in ultra-portable laptop designs, with battery life that lasts for days.     Qualcomm Adreno GPU      The integrated Qualcomm Adreno GPU delivers graphics-intensive presentations and entertainment.     Unrivaled flexibility      Industry-leading performance in an ultra-flexible design with its iconic 165-degree fluid kickstand delivers flexibility at any angle.     Choose from four stunning colors      Surface Pro comes in Black, Platinum, Sapphire, and brand-new Dune, with matching keyboards in premium Alcantara fabric (sold separately).     AI-enhanced Surface Studio Camera      The ultra-wide front facingcamera paired with AI-powered Studio effects like automatic framing keeps you, or thewhole family in focus, even as youmove around your space.     Unlock a new era of flexibility      Pair Surface Pro with the new Surface Pro Flex Keyboard, the first ever 2-in-1 keyboard that can be used either attached or detached.     The most advanced pen, enhanced by AI      Paired with Surface Slim Pen, turn your ideas into reality with powerful creative tools supercharged by AI  if you can picture it, you can draw it, using generative AI to fill in the gaps.     All day battery life      With up to 14 hours of battery life, Surface Pro can keep up with whatever youneed to do, wherever you need to do it, all day long.     The ports you need      Charge on-the-go, transfer data fast, or create the ultimate desktop set up with two USB-C 4 ports and support for up to three 4K monitors at 60Hz.     Designed with sustainability in mind      Surface Pro's enclosure is made with a minimum of 72% recycled content, including 100% recycled aluminum alloy and 100% recycled rare earth metals*.",
      "rating": "4.3",
      "sorting_index": 1,
      "is_active": true,
      "is_limited": true,
      "is_sales": true
    }
  },
  {
    "model": "products.product",
    "pk": 4,
    "fields": {
      "title": "MSI - Katana 15 15.6\", CROSSHAIR1614057",
      "category": 3,
      "price": "1499.00",
      "sales_price": null,
      "sales_from": null,
      "sales_to": null,
      "received_amount": 100,
      "count": 99,
      "created_date": "2024-10-08T09:24:06.986Z",
      "free_delivery": true,
      "shot_description": "MSI - Katana 15 15.6\" 144Hz FHD Gaming Laptop-Ryzen 9-8945HS with 16GB Memory-RTX 4070-1TB SSD - Black. Sharpen your game. Protect your honor and defeat the enemies. Awaken your inner power and inherit the will of the dragon. In your hands is the Dragon's blade, flowing with ancient power, and engraved with runes of wind. Strike down any toe that stands in your way with the legendary blade Katana A15 AI B8VG-423US.",
      "full_description": "Windows 11 has all the power and security of Windows 10 with a redesigned and refreshed look. It also comes with new tools, sounds, and apps. Every detail has been considered. All of it comes together to bring you a refreshing experience on your PC.     15.6\" FHD display      MSI gaming laptops are tailored for gamer with high resolution and refresh rate. Make your gaming world more lifelike and smooth than ever before.     AMD Ryzen 9-8945HS PROCESSOR      AMD Ryzen 9 8945HS processor is here. With a base clock of 4.0 GHz and boost clock of 5.3 GHz, up to 8 cores and 16 thread, for better multitasking works and running demanding games.     NVIDIA GeForce RTX 4070 graphics      Backed by 8 GB GDDR6 dedicated video memory for an ultrafast, advanced GPU to fuel your games.     16 GB system memory for intense multitasking and gaming      Reams of high-bandwidth DDR5 RAM to smoothly run your graphics-heavy PC games and video-editing applications, as well as numerous programs and browser tabs all at once.     1TB solid-state drive (PCI-e)      Save files fast and store more data. With massive amounts of storage and advanced communication power, PCI-e NVMe SSDs are great for major gaming applications, multiple servers, daily backups, and more.",
      "rating": "5.0",
      "sorting_index": 5,
      "is_active": true,
      "is_limited": true,
      "is_sales": false
    }
  },
  {
    "model": "products.product",
    "pk": 5,
    "fields": {
      "title": "Laptop  Apple - MacBook Pro 14\" - M3 Pro",
      "category": 3,
      "price": "1999.00",
      "sales_price": "1700.00",
      "sales_from": null,
      "sales_to": "2024-12-31",
      "received_amount": 100,
      "count": 100,
      "created_date": "2024-10-08T09:49:36.262Z",
      "free_delivery": true,
      "shot_description": "Apple - MacBook Pro 14\" Laptop - M3 Pro chip Built for Apple Intelligence - 18GB Memory - 14-core GPU - 512GB SSD - Space Black. The 14-inch MacBook Pro blasts forward with M3 Pro and M3 Max, radically advanced chips that drive even greater performance for more demanding workflows. With industry-leading battery lifeup to 18 hoursand a beautiful Liquid Retina XDR display, its a pro laptop without equal. Now in a new color: Space Black.",
      "full_description": "SUPERCHARGED BY M3 PRO OR M3 MAXThe Apple M3 Pro chip, with an up to 12-core CPU and up to 18-core GPU using hardware-accelerated ray tracing, delivers amazing performance for demanding workflows like manipulating gigapixel panoramas or compiling millions of lines of code. M3 Max, with an up to 16-core CPU and up to 40-core GPU, drives extreme performance for the most advanced workflows like rendering intricate 3D content or developing transformer models with billions of parameters.      BUILT FOR APPLE INTELLIGENCE: Apple Intelligence helps you write, express yourself, and get things done effortlessly. It draws on your personal context while setting brand-new standard for privacy in AI. Coming in beta this fall.       UP TO 18 HOURS OF BATTERY LIFEGo all day thanks to the power-efficient design of Apple silicon. MacBook Pro delivers the same exceptional performance whether its running on battery or plugged in.      RESPONSIVE UNIFIED MEMORY AND STORAGEUp to 36GB (M3 Pro) or up to 128GB (M3 Max) of unified memory makes everything you do fast and fluid. Up to 4TB (M3 Pro) or up to 8TB (M3 Max) of superfast SSD storage launches apps and opens files in an instant.      BRILLIANT PRO DISPLAYThe 14.2-inch Liquid Retina XDR display features Extreme Dynamic Range, 1000 nits of sustained brightness for stunning HDR content, up to 600 nits of brightness for SDR content, and pro reference modes for doing your best work on the go.      FULLY COMPATIBLEAll your pro apps run lightning fastincluding Adobe Creative Cloud, Apple Xcode, Microsoft 365, SideFX Houdini, MathWorks MATLAB, Medivis SurgicalAR, and many of your favorite iPhone and iPad apps. And with macOS, work and play on your Mac are even more powerful. Elevate your presence on video calls. Access information in all-new ways. And discover even more ways to personalize your Mac.      ADVANCED CAMERA AND AUDIOLook sharp and sound great with a 1080p FaceTime HD camera, a studio-quality three-mic array, and a six-speaker sound system with Spatial Audio.      CONNECT IT ALLThis MacBook Pro features a MagSafe charging port, three Thunderbolt 4 ports, an SDXC card slot, an HDMI port, and a headphone jack. Enjoy fast wireless connectivity with Wi-Fi 6E and Bluetooth 5.3. And you can connect up to two external displays with M3 Pro, or up to four with M3 Max.      MAGIC KEYBOARD WITH TOUCH IDThe backlit Magic Keyboard has a full-height function key row and Touch ID, which gives you a fast, easy, secure way to unlock your laptop and sign in to apps and sites.      ADVANCED SECURITYEvery Mac comes with encryption, robust virus protections, and a powerful firewall system. And free security updates help keep your Mac protected.      WORKS WITH ALL YOUR APPLE DEVICESYou can do amazing things when you use your Apple devices together. Copy something on iPhone and paste it on MacBook Pro. Use your MacBook Pro to answer FaceTime calls or send texts with Messages. And thats just the beginning.      BUILT TO LASTThe all-aluminum unibody enclosure is exceptionally durable and comes in Space Black and Silver. Free software updates keep things running smoothly for years to come.",
      "rating": "3.7",
      "sorting_index": 3,
      "is_active": true,
      "is_limited": false,
      "is_sales": true
    }
  },
  {
    "model": "products.product",
    "pk": 6,
    "fields": {
      "title": "Samsung - Galaxy Book4 Pro 360 2-in1 16\"",
      "category": 3,
      "price": "1769.00",
      "sales_price": null,
      "sales_from": null,
      "sales_to": null,
      "received_amount": 100,
      "count": 99,
      "created_date": "2024-10-08T09:59:02.301Z",
      "free_delivery": false,
      "shot_description": "Samsung - Galaxy Book4 Pro 360 2-in1 16\" AMOLED Touch Screen Laptop - Intel Core Ultra 7 - 16GB Memory - 1TB SSD - Moonstone Gray. Pursue your passions with the incredible power of Galaxy Book4 Pro 360, complete with a brilliant display and the ability to easily connect to the rest of your Galaxy devices all in a 2-in-1 design ideal for your fast paced lifestyle. Equipped with the latest Intel Core Ultra processor , this laptop delivers the power you need to effortlessly update your online storefront, keep tabs on financials or edit photos and video. Its thin and light too, making it the perfect device to let you work where and when you want, from the office to the coffee shop and anywhere in between. The 2-in-1 design also lets you work how you want. Flex from working on illustrations in tablet mode with the included S-Pen to working on the pitch deck for a new client then unwind in the evening by streaming your new favorite series.",
      "full_description": "Powerful enough for whatever you do      Blaze new paths with a powerful Intel processor designed for visionaries. Tap into lightning fast speed and performance, and make big things happen from just about anywhere.     Power meets portability      Turn any location into your creative space with Galaxy Book4 Pro 360, featuring a sleek, slim design thats made to move with you. Follow your imagination anywhere this powerful laptop is pleasantly portable, making it the perfect companion for your on the go lifestyle.     Stay on task, stay in touch with AI assistance      Microsoft Copilot turns your prompts into actions through simple chat commands. Link your Galaxy phone with Copilot for personalized AI assistance that can manage tasks, summarize messages and even send text messages directly from your PC.     Unlock intelligent performance with Intel Core Ultra 7 processors      Get a productivity boost with a dedicated engine that helps unlock AI experiences on the PC and high-performance low power processing. Enjoy superior performance with less drain on battery, so you can do more for longer while unplugged.     The best overall laptop experience with Intel Evo Edition      Get the best of Intel Core Ultra processors in an Intel Evo Edition laptop that is sleek and light for a better on-the-go experience, and charges fast and gives you superior performance with battery that lasts all day.     Brace yourself for the ultimate screen experience      From work presentations to cartoon illustrations, your projects deserve a screen that does them justice.      Bring out the best in all your endeavors on an intensely brilliant and spacious 16\" Dynamic AMOLED 2X touchscreen that reduces glare even in bright sunlight. Every experience is a pleasure with crisp and colorful detail that makes every pixel count.     A packed battery for your stacked days      Youre going places literally and you need a long lasting battery that can go the distance with you. Create without constraints anytime, anywhere. The battery on Galaxy Book4 Pro 360 helps keep you untethered wherever your imagination might roam.     Our most advanced Galaxy Book security yet      Have peace of mind while you make big things happen with a PC thats now secured by Knox.      Galaxy Book4 Pro 360 feature our most advanced Galaxy Book security yet to help protect your data in the digital world so you can stay focused on what you do best. Get layers of hardware, software and identity protection to help keep your private files private,      no matter if youre building 3D worlds that are not yet ready for the public or simply want to feel protected in your everyday use. Plus, a fingerprint reader takes protection a step further to help keep out unwanted users.     Plenty of ports      Connect to other devices with a variety of ports.     High quality calls. Unhindered productivity.      Collaborate seamlessly with high quality video calls.     1TB of built in storage      Keep your files with you with 1TB of built in storage, plus up to 2TB of expandable storage.      Available on the Galaxy Book4 Series starting in Spring 2024.      Portion of storage / memory occupied by existing content.      MicroSD card sold separately.",
      "rating": "4.0",
      "sorting_index": 10,
      "is_active": true,
      "is_limited": false,
      "is_sales": false
    }
  },
  {
    "model": "products.product",
    "pk": 7,
    "fields": {
      "title": "MSI - MAG 275QF 27\" QHD",
      "category": 5,
      "price": "159.00",
      "sales_price": "100.00",
      "sales_from": "2024-10-08",
      "sales_to": "2024-11-22",
      "received_amount": 100,
      "count": 99,
      "created_date": "2024-10-08T10:07:55.014Z",
      "free_delivery": false,
      "shot_description": "MSI - MAG 275QF 27\" QHD Rapid IPS 180Hz 0.5ms Adaptive sync Gaming Monitor with HDR(DisplayPort,HDMI) - Metallic Black. Visualize your victory with MSI MAG 275QF Gaming monitor. Equipped with a 2560x1440, 180hz Refresh rate, 0.5ms response time panel, MAG 275QF will give you the competitive edge you need to take down your opponents. Built with Adaptive sync Technology, MAG 275QF can match the display's refresh rate with your GPU for ultra-smooth gameplay. Make sure you can hit your mark with all the latest technologies built in the MSI Gaming monitor for competitive play.",
      "full_description": "Rapid IPS      Make sure the intensity and purity of colors when gaming.     180Hz High Refresh Rate      Experience smooth gaming with 180Hz refresh rate, that gives you the upperhand in fast moving games.     0.5ms Fast Response Time      Eliminate screen tearing and choppy frame rates with 0.5ms response time.     Console Mode      Optimized for seamless compatibility with gaming consoles such as PS5 and Xbox Series X/S     Wide Color Gamut      Game colors and details will look more realistic and refined, to push game immersion to its limits.",
      "rating": "5.0",
      "sorting_index": 8,
      "is_active": true,
      "is_limited": false,
      "is_sales": true
    }
  },
  {
    "model": "products.product",
    "pk": 8,
    "fields": {
      "title": "Apple - Studio Display",
      "category": 5,
      "price": "1999.00",
      "sales_price": null,
      "sales_from": null,
      "sales_to": null,
      "received_amount": 100,
      "count": 100,
      "created_date": "2024-10-08T10:22:57.861Z",
      "free_delivery": true,
      "shot_description": "Apple - Studio Display - Standard Glass Tilt and Height-Adjustable - Silver. Introducing Studio Display. An immersive 27-inch 5K Retina display* with a 12MP camera with Center Stage, studio-quality mics, and six-speaker sound system. Pairs beautifully with any Mac.",
      "full_description": "Immersive 27-inch 5K Retina display with 600 nits of brightness, support for one billion colors, and P3 wide color      12MP Ultra Wide camera with Center Stage for more engaging video calls      Studio-quality three-mic array for crystal-clear calls and voice recordings      Six-speaker sound system with Spatial Audio for an unbelievable listening experience      One Thunderbolt 3 port, three USB-C ports      96W of power delivery to charge your Mac notebook      Nano-texture glass option      Configurable stand options      A counterbalancing arm allows for 30 degrees of tilt as well as 105 mm of height adjustment  and makes the display feel weightless as you adjust it       Screen size is measured diagonally.",
      "rating": "5.0",
      "sorting_index": 7,
      "is_active": true,
      "is_limited": false,
      "is_sales": false
    }
  },
  {
    "model": "products.product",
    "pk": 9,
    "fields": {
      "title": "Apple - Mac Studio - M2 Ultra",
      "category": 4,
      "price": "3999.00",
      "sales_price": null,
      "sales_from": null,
      "sales_to": null,
      "received_amount": 100,
      "count": 100,
      "created_date": "2024-10-08T10:28:27.170Z",
      "free_delivery": true,
      "shot_description": "Apple - Mac Studio - M2 Ultra - 1TB SSD - Silver. Embraced by creative pros in studios everywhere, Mac Studio delivers exceptional power with the M2 Max chip or the boundary-breaking M2 Ultra chip. It packs phenomenal performance into an unbelievably compact form with extensive connectivity.",
      "full_description": "M2 Ultra chip for phenomenal performance      24-core CPU packs up to 3.3x faster performance than 27-inch iMac to push the boundaries of your most demanding workflows      Up to 76-core GPU with up to 6.1x faster performance than 27-inch iMac for graphics-intensive pro workflows workflows      32-core Neural Engine for advanced machine learning      Up to 192GB of unified memory to run multiple demanding pro apps      Up to 8TB of superfast SSD storage launches apps and opens files in an instant      Fast Wi-Fi 6E wireless connectivity      Six Thunderbolt 4 ports, two USB-A ports, HDMI port, 10Gb Ethernet port, SDXC card slot, headphone jack      Supports up to eight external displays      Remarkably compact 7.7-inch-square, 3.7-inch-tall design in Silver      macOS Ventura gives you powerful ways to get more done, share, and collaborateand works great with iPhone and iPad       Testing conducted by Apple in April and May 2023 using preproduction Mac Studio systems with Apple M2 Ultra, 24-core CPU, 76-core GPU, and 192GB of RAM, and production 3.6GHz 10-core Intel Core i9-based 27-inch iMac systems with Radeon Pro 5700 XT graphics with 16GB of GDDR6, and 128GB of RAM.      All systems configured with 8TB SSD. Open source project built with Xcode 14.3 with Apple Clang 14.0.3, Ninja 1.10.0.git, and CMake 3.25.0. Mac Studio systems tested with an attached 5K display..      Performance tests are conducted using specific computer systems and reflect the approximate performance of Mac Studio and iMac.      Testing conducted by Apple in April and May 2023 using preproduction Mac Studio systems with Apple M2 Ultra, 24-core CPU, 76-core GPU, and 192GB of RAM, and production 3.6GHz 10-core Intel Core i9-based 27-inch iMac systems with Radeon Pro 5700 XT graphics with 16GB of GDDR6, and 128GB of RAM.      All systems configured with 8TB SSD. OTOY Octane X Prime 2022.1.1 tested using a scene with complex materials and 35 million triangles.      Mac Studio systems tested with an attached 5K display. Performance tests are conducted using specific computer systems and reflect the approximate performance of Mac Studio and iMac.      1GB = 1 billion bytes and 1TB = 1 trillion bytes; actual formatted capacity less.      Wi-Fi 6E connectivity available in countries where supported.      Requires iCloud and internet connection. Technical specifications Go to apple.com/mac-studio/specs for a complete set.",
      "rating": "5.0",
      "sorting_index": 3,
      "is_active": true,
      "is_limited": false,
      "is_sales": false
    }
  },
  {
    "model": "products.product",
    "pk": 10,
    "fields": {
      "title": "MSI - Vision Elite RS Gaming Desktop",
      "category": 4,
      "price": "4299.00",
      "sales_price": "3999.00",
      "sales_from": "2024-10-08",
      "sales_to": "2024-12-31",
      "received_amount": 100,
      "count": 99,
      "created_date": "2024-10-08T10:36:39.926Z",
      "free_delivery": true,
      "shot_description": "MSI - Vision Elite RS Gaming Desktop - Intel Core i9-14900KF - 64GB Memory - NVIDIA GeForce RTX 4090 Trio - 2TB SSD - Black. The PC for true gaming fanatics has arrived! Enter the Vision Elite RS - meant for those looking to unlock the ultimate experience modern gaming has to offer. Turn your settings to the MAX and be in the driver's seat of no-compromise gaming with stellar visuals and unparalleled FPS performance in AAA titles, even on high-resolution monitors. Assembled in the USA with high-quality MSI components, the Vision Elite RS pushes all boundaries to the extremes thanks to the combination of bleeding edge technology from Intel and NVIDIA ensuring users can harness the very best technology available in the market today.",
      "full_description": "Windows 11 operating system      Equipped with brand new Windows 11 with all its new features.     Intel Core i9-14900KF      The new Intel 14th-Gen Raptor Lake CPU brings more improvement in multi-threaded performance and better multi-tasking experience for gamers and creators     NVIDIA GeForce RTX 4090 Trio      Packed with the latest Nvidia Geforce RTX 4090 Trio, this desktop is built for Esports and delivers an exceptional gaming experience.     64GB system memory for intense multitasking and gaming      Reams of high-bandwidth DDR5 RAM to smoothly run your graphics-heavy PC games and video-editing applications, as well as numerous programs and browser tabs all at once.     2TB solid state drive (SSD)      While offering less storage space than a hard drive, a flash-based SSD has no moving parts, resulting in faster start-up times and data access, no noise, and reduced heat production and power draw on the battery.",
      "rating": "4.7",
      "sorting_index": null,
      "is_active": true,
      "is_limited": true,
      "is_sales": true
    }
  },
  {
    "model": "products.product",
    "pk": 11,
    "fields": {
      "title": "SteelSeries - Apex Pro TKL Gen 3",
      "category": 6,
      "price": "269.99",
      "sales_price": "199.99",
      "sales_from": null,
      "sales_to": "2025-01-01",
      "received_amount": 100,
      "count": 99,
      "created_date": "2024-10-08T12:44:38.661Z",
      "free_delivery": true,
      "shot_description": "SteelSeries - Apex Pro TKL Gen 3 Wireless HyperMagnetic Gaming Keyboard  With Rapid Tap, Rapid Trigger, Adjustable Actuation - Black. Apex Pro TKL Wireless Gen 3, the world's fastest keyboard, just got smarter, featuring GG Quickset game presets and OmniPoint 3.0 adjustable HyperMagnetic switches with Rapid Trigger, Protection Mode, Rapid Tap and fully adjustable actuation points, delivering 20x quicker actuation and 11x faster response time.",
      "full_description": "THE WORLD'S FASTEST KEYBOARD      Push the boundaries with cutting-edge OmniPoint 3.0 switches and Rapid Trigger, Protection Mode, Rapid Tap, and more.     Rapid Tap      Prioritizes the last key press in a selected pair for faster input and improved aim. Enhance responsiveness for counter-strafing, peeking, crouch jumping or slide canceling. (Latest GG update Required)     OMNIPOINT 3.0      More than just fast, our newly redesigned Hall Effect Switch have 20x faster actuation and 11x quicker response time, with 40 levels of adjustable actuation.     GAME-READY PRESETS      Gain a competitive edge in your favorite game with just a few clicks using GG QuickSet's game-ready keyboard settings.     REDUCED LATENCY      Rapid Trigger and Rapid Tap register keypresses faster for more responsive gameplay and improved aim.     PROTECTION MODE      A SteelSeries exclusive feature  protect your keypresses by reducing the sensitivity of surrounding keys when the intended key is pressed, preventing accidental inputs.     OLED SMART DISPLAY      Your digital command center for all settings without taking you out of the game.     QUANTUM 2.0 DUAL WIRELESS      Connect with lag-free 2.4GHz for gaming or convenient Bluetooth for other devices.",
      "rating": "5.0",
      "sorting_index": 4,
      "is_active": true,
      "is_limited": false,
      "is_sales": true
    }
  },
  {
    "model": "products.product",
    "pk": 12,
    "fields": {
      "title": "Logitech - G915 X LIGHTSPEED Full-size Wireless Mechanical Keyboard",
      "category": 6,
      "price": "229.99",
      "sales_price": null,
      "sales_from": null,
      "sales_to": null,
      "received_amount": 100,
      "count": 99,
      "created_date": "2024-10-08T14:51:54.154Z",
      "free_delivery": true,
      "shot_description": "Logitech - G915 X LIGHTSPEED Full-size Wireless Mechanical GL Blue Clicky Switch Gaming Keyboard for PC/Mac with RGB Backlighting - Black. G915 X LIGHTSPEED low-profile wireless gaming keyboard offers the latest innovations in gaming technology with meticulously crafted design and curated materials. Tri-mode connectivity provides best-in-class 2.4 GHz LIGHTSPEED wireless, Bluetooth, and wired data mode. Set up to 15 features per key with KEYCONTROL. Low-profile GL switches unleash increased APM for even more speed.",
      "full_description": "Full-size wireless keyboard for gaming      The Logitech G915 X LIGHTSPEED is built on a legacy of performance; sleek design and next-gen engineering elevate every level of play.     Choose your connectivity with tri-mode      Connect with best-in-class 2.4 GHz LIGHTSPEED wireless, Bluetooth, or USB-C wired data mode; switch back and forth with the touch of a button.     Intuitive control      This sleek, low-profile gaming keyboard features KEYCONTROL, nine advanced G keys, media controls, a volume roller, and a numpad, offering intuitive control so you can focus on play.     Speed and precision      Achieve speed, precision and comfort with low-profile GL mechanical switches; increase APM (actions per minute) rate with 1.3 mm actuation point and 3.2 mm total travel distance.     Elevated typing experience      With a brushed aluminum top plate and double-shot PBT keycaps, this wireless mechanical gaming keyboard offers next-gen comfort with zero compromise to durability.     Light up the game with LIGHTSYNC RGB      Access ~16.8M colors to customize play and create themes; sync with other Logitech G gear in G HUB.     Play for longer      Up to 36 h of battery life with RGB at 100%, up to 90 h of battery life with RGB at 50%, and up to 800 h with RGB off; play while charging via USB-C.     Cutting-edge design      Measuring only 0.9 in high, this PC gaming keyboard offers increased control with a slim, sleek aesthetic.",
      "rating": "5.0",
      "sorting_index": 1,
      "is_active": true,
      "is_limited": false,
      "is_sales": false
    }
  },
  {
    "model": "products.product",
    "pk": 13,
    "fields": {
      "title": "Logitech - G PRO X SUPERLIGHT 2 MOUSE",
      "category": 6,
      "price": "152.99",
      "sales_price": "149.99",
      "sales_from": "2024-09-01",
      "sales_to": "2024-10-31",
      "received_amount": 100,
      "count": 99,
      "created_date": "2024-10-08T14:57:56.713Z",
      "free_delivery": true,
      "shot_description": "Logitech - G PRO X SUPERLIGHT 2 LIGHTSPEED Lightweight Wireless Optical Gaming Mouse with HERO 32K DPI Sensor - Off-White. The PRO X SUPERLIGHT 2 Wireless Gaming Mouse is the next generation of our trusted championship-winning mouse, made even better. Take your performance to new heights with an award-winning 60g design, LIGHTFORCE hybrid switches, the most advanced HERO 2 gaming sensor, and the confidence and reliability of LIGHTSPEED wireless, and long battery-lifenow with a faster report rate than the previous generation. Its an esports icon made even faster, more reliable, and more precise.",
      "full_description": "Fast and precise wireless gaming mouse      A pro gaming iconnow faster and more precise; it is designed in collaboration with the worlds leading esports pros and engineered to win.     Pro precision      LIGHTFORCE hybrid optical-mechanical switches enable pro-level precision, reliability and ultralow latency optical actuation with a crisp, tactile click.     Most advanced optical sensor in gaming      HERO 2 features tracking over 500+ IPS, up to 32,000 DPI and precise sensor calibration with zero smoothing, acceleration or filtering.     Better performance      Our championship-winning, wireless mousemade even better; now with 4K polling, USB-C charging, 95-hour battery life and POWERPLAY compatibility all at 60g.*     Zero-additive PTFE mouse feet      Command a smooth glide and seamless connection to your game with Zero-additive PTFE mouse feet.      *Battery life may vary based on user and computing conditions.",
      "rating": "3.5",
      "sorting_index": 7,
      "is_active": true,
      "is_limited": true,
      "is_sales": true
    }
  },
  {
    "model": "products.product",
    "pk": 14,
    "fields": {
      "title": "MSI - Clutch GM41 Lightweight Optical Mouse",
      "category": 6,
      "price": "82.99",
      "sales_price": null,
      "sales_from": null,
      "sales_to": null,
      "received_amount": 100,
      "count": 98,
      "created_date": "2024-10-08T15:10:48.184Z",
      "free_delivery": false,
      "shot_description": "MSI - Clutch GM41 Lightweight Optical 20,000 DPI 2.4G RF Wireless RGB Gaming Mouse - Black.  With a weight of just 74 grams , the GM41 Wireless moves with the hand effortlessly while sustaining up to 80 hours of precision aiming on battery power.",
      "full_description": "2.4G RF wireless      Built with the latest 2.4G RF wireless technology, latency is reduced to just 1ms resulting in responsiveness almost 10x faster than the typical wireless mouse on the market.     OMRON Switches      GM41 Wireless uses durable OMRON switches rated to last for over 60 million clicks. These crisp, reliable mechanical switches register every click register with deadly precision.     RGB Mystic Light      Light up the battlefield with millions of colors or approach with stealth with the lights turned off. Choose from predefined effects or synchronize lighting with the rest of your RGB setup.     PixArt PAW 3370 optical sensor      Get pin-point accuracy thanks to the PixArt PAW 3370 optical sensor with up to 20.000 DPI sensitivity and 400 IPS movement tracking.     Fully charged in 90 minutes      The included charging dock is designed to use only one USB 2.0 port for both the wireless dongle and for charging the mouse.     Onboard USB Dongle Storage      ke the GM41 Wireless wherever you need, whether you're playing at a friend's house or major tournament. The USB dongle can be stored in the mouse for travelling.     FriXionFree Cable      The detachable MSI FriXionFree Cable can be connected to the charging dock or directly on the mouse, allowing you to keep fighting if your battery ever runs low.     MSI Center software      MSI's exclusive MSI Center software helps you get the most out of your MSI peripheral products. Enable your experience in real-time with just a few clicks.     Lightweight      CLUTCH GM41 series mice balance a lightweight build with high performance components for maximum control in competitive games.     Compatible Windows 10 / 8.1 / 8 / 7.",
      "rating": "5.0",
      "sorting_index": 10,
      "is_active": true,
      "is_limited": true,
      "is_sales": false
    }
  },
  {
    "model": "products.product",
    "pk": 15,
    "fields": {
      "title": "Dell - Inspiron Desktop (3030)",
      "category": 4,
      "price": "949.99",
      "sales_price": "699.99",
      "sales_from": null,
      "sales_to": null,
      "received_amount": 100,
      "count": 100,
      "created_date": "2024-10-08T15:17:55.955Z",
      "free_delivery": true,
      "shot_description": "Dell - Inspiron Desktop (3030) - Intel Core i7 processor (14 gen) - 16GB Memory - 1TB SSD - Mist Blue. The Inspiron Desktop is now ready for business with easy-to-use, built-in Trusted Platform Module to protect your data and a wide variety of ports and slots to connect all your personal and business devices.",
      "full_description": "Easy Connecting      With Wifi 6, theres no waiting on an unstable signal. It gives you a wider range, more stability and faster connection speeds. This Inspiron Desktop supports up to 3 monitors in FHD or 1 monitor in 4K with rear HDMI and Display Ports     More room in any room      With a 14.7L chassis, this new desktop fits almost anywhere in your home without sacrificing performance.     Stay Secure, Be Productive      Windows 11 Pro devices help you simplify your workday and improve productivity. Switch seamlessly between locations. Blaze through your to-do list with AI-powered multitasking, features to get organised in a snap, and performance to speed demanding workloads to completion 42% faster on average     Elevate your choice sustainably      Our packaging reduces waste and helps lower your environmental impact. The Inspiron Desktop ships in packaging made with at least 95.6% recycled or renewable content.     Anything and Everything      With the latest Intel Core processors, you have the tools you need for smooth and seamless multitasking.",
      "rating": "4.0",
      "sorting_index": 5,
      "is_active": true,
      "is_limited": false,
      "is_sales": true
    }
  },
  {
    "model": "products.product",
    "pk": 16,
    "fields": {
      "title": "CyberPowerPC - Gamer Supreme Gaming Desktop",
      "category": 4,
      "price": "3599.99",
      "sales_price": null,
      "sales_from": null,
      "sales_to": null,
      "received_amount": 100,
      "count": 99,
      "created_date": "2024-10-08T15:25:37.864Z",
      "free_delivery": true,
      "shot_description": "CyberPowerPC - Gamer Supreme Gaming Desktop - AMD Ryzen 9 9950X - 64GB Memory - NVIDIA GeForce RTX 4090 24GB - 4TB SSD - White. Dominate virtual battlefields with this CyberPowerPC Gamer Supreme gaming desktop computer, featuring a liquid cooling system. The 16-core AMD Ryzen 9 processor and 64GB of RAM support seamless multitasking, while the 4TB SSD provides fast start-ups and in-game load times. This CyberPowerPC Gamer Supreme gaming desktop computer with liquid cooling also features an NVIDIA GeForce RTX 4090 graphics card for immersive, stutter-free action.",
      "full_description": "Get a fresh perspective with Windows 11      From a rejuvenated Start menu, to more ways to connect to your favorite people, news, games and content, Windows 11 is the place to think, express, and create in a natural way.     AMD Ryzen 9 9950X processor      Imagine, design, and create without boundaries. It doesn't matter if you're working hard or gaming hard, the AMD Ryzen 9950X processor is an absolute powerhouse. High-performance Zen 5 core technology from AMD is your key to game-changing performance you can trust.     NVIDIA GeForce RTX 4090 graphics      Driven by 24GB GDDR6X dedicated video memory to quickly render high-quality images for videos and games.     64GB of DDR5 RAM      Reams of high-bandwidth DDR5 RAM let you smoothly run your graphics-heavy PC games, video-editing applications, numerous programs, and browser tabs at the same time.     4TB solid-state drive (SSD)      While offering less storage space than a hard drive, a flash-based SSD has no moving parts, resulting in faster start-up times and data access, no noise, and reduced heat production and power draw on the battery.     RGB gaming keyboard and mouse      Complete your setup with the matching gaming gear for an outstanding gaming experience.     Multi-display capability      Connect the usual single monitor or add a second monitor to double your viewing space for work and games. (Monitors are sold separately.)     Wi-Fi and Bluetooth      Enjoy faster speeds, improved performance, and greater capacity with the Wi-Fi and Bluetooth wireless card.     Wireless and wired network connectivity      Built-in high-speed wireless LAN connects to your network on the most common Wi-Fi standards. The Gigabit Ethernet LAN port plugs into wired networks.     USB Type-A and USB Type-C ports      Plug in your external storage with eight USB Type-A ports and one USB Type-C port.",
      "rating": "5.0",
      "sorting_index": 8,
      "is_active": true,
      "is_limited": false,
      "is_sales": false
    }
  },
  {
    "model": "products.product",
    "pk": 17,
    "fields": {
      "title": "CLX - RA Gaming Desktop",
      "category": 4,
      "price": "6999.99",
      "sales_price": "4999.99",
      "sales_from": "2024-10-08",
      "sales_to": "2024-12-08",
      "received_amount": 100,
      "count": 100,
      "created_date": "2024-10-08T15:33:47.852Z",
      "free_delivery": true,
      "shot_description": "CLX - RA Gaming Desktop - Intel Core i9 13900K - 96GB DDR5 5600 Memory - GeForce RTX 4090 - 2TB NVMe M.2 SSD + 6TB HDD - Black. old. Commanding. Brilliant. CLX RA, the Ultimate Desktop Gaming System that is pure luxury with extraordinary performance. Bring Ultimate Power...Power of the Sun! This CLX RA Foundry Edition gaming desktop computer is for the gaming enthusiast demanding maximum performance! Built in a premium aluminum and steel, Full-tower Black chassis with two tempered glass panels, front and side, that clearly show the masterpiece customization inside featuring, a hand-built CLX TEMPER single Open Loop cooling system for the CPU and GPU, an MSI MPG Z790 CARBON WIFI Motherboard and the ultimate \"Beyond Fast\" top-of-the-line GeForce RTX 40-Series graphics card, plus seven RGB fans to keep temps cool and the air flowing during intense high-end gaming. The power of this CLX RA Ultimate PC comes from the high-performing 13th Generation Intel i9 13900K 24-Core processor.",
      "full_description": "Windows 11 operating system      Windows 11 has all the power and security of Windows 10 with a redesigned and refreshed look. It also comes with new tools, sounds, and apps. Every detail has been considered. All of it comes together to bring you a refreshing experience on your PC.     Overclocked Intel Core i9 13900K Processor      Ultimate real-world performance for high-end gaming and demanding content creation, modeling, or video-editing utilizing 24-core, 32-thread processing power and CLX Forge overclocked speed, plus it's liquid cooled by a CLX TEMPER Open Loop cooling system.     Overclocked GeForce RTX 4090 graphics      Overclocked 40-Series  Beyond Fast - CLX GPU Forge overclocked and cooled by a CLX TEMPER Open Loop cooling system for extreme and reliable speeds way beyond the GPUs stock frequencies. Higher GPU frequencies produce higher frame rates, every gamers dream.     96GB system memory for intense gaming and advanced multitasking      Fast high-performance DDR5 RAM, 5600MHz, to smoothly run your graphics-heavy PC games and video-editing applications, as well as numerous programs and browser tabs all at once.     2TB NVMe M.2 solid state drive (SSD) and 6TB hard drive for a blend of storage space and high speed access      The hard drive provides ample storage, while the SSD delivers faster start-up times and data access.     CLX RAPower of the Sun      The pinnacle of gaming PC engineering - all metal O11DXL full tower Black case with custom Single Open Loop CLX TEMPER Cooling for both the CLX Forge overclocked CPU and overclocked GPU, MSI MPG Z790 CARBON WIFI Motherboard, and EVGA SuperNOVA 1000 Watt 80+ GOLD Power Supply     PCIe Gen5 Technology      Ready with Gen5 PCIe x16 slot to unleash the full potential of future high end graphics cards     4K and 8K Gaming Capable      Connect, play, capture, and watch in brilliant HDR at resolutions up to 8K     G-SYNC compatible for smooth gameplay      NVIDIA G-SYNC technology synchronizes the refresh rates in compatible monitors to the GPU in your PC, eliminating screen tearing and minimizing display stutter and input lag. Monitor sold separately.     Multidisplay capability ( 1x HDMI | 3x DisplayPort)      Connect up to 4 monitors for more viewing space for multitasking, streaming and gaming. (4 displays at 4K 120Hz using DP or HDMI, up to 2 displays at 4K 240Hz or 8K 60Hz) (Monitors sold separately)     Wireless & Wired Network Connectivity (1x 2.5 Gigabit | WiFi 6E 802.11ax)      Built-in high-speed wireless LAN connects to your network on the most common Wi-Fi standards. The 2.5 Gigabit Ethernet LAN port plugs into wired networks for a fast, stable connection.     USB & SuperSpeed USB Connections: (4x USB 3.0 | 1x USB 3.1 | 10x USB 3.2)      Connections to transfer large files rapidly or High-Speed connectivity for your devices and accessories.     CLX Sarcophagus      Every CLX RA system is delivered in a heavy duty wooden crate called the Sarcophagus. Designed to keep your hand-built, high-performance RA PC system safe during transit.      This computer does not include a built-in DVD/CD drive.      Intel, Core, Intel Inside and the Intel Inside logo are trademarks or registered trademarks of Intel Corporation or its subsidiaries in the United States and other countries.",
      "rating": null,
      "sorting_index": 10,
      "is_active": true,
      "is_limited": true,
      "is_sales": true
    }
  },
  {
    "model": "products.product",
    "pk": 18,
    "fields": {
      "title": "CLX - RA Gaming Desktop Bold",
      "category": 4,
      "price": "4699.99",
      "sales_price": null,
      "sales_from": null,
      "sales_to": null,
      "received_amount": 100,
      "count": 100,
      "created_date": "2024-10-08T15:40:24.236Z",
      "free_delivery": true,
      "shot_description": "CLX - RA Gaming Desktop - Intel Core i9 14900KF - 64GB DDR5 5600 Memory - GeForce RTX 4080 - 2TB NVMe M.2 SSD + 6TB HDD - Black. Bold. Commanding. Brilliant. CLX RA, the Ultimate Desktop Gaming System that is pure luxury with Extraordinary Performance. Bring Ultimate Power...Power of the Sun! This CLX RA gaming desktop computer is something special! Built in a premium aluminum and steel, high air-flow Full-tower chassis in Black that features the RA Edition Custom HD Print in stunning red! This beautiful chassis design also is a system showcase as the two, front and side, tempered glass panels nicely show off the main components of this RA Edition gaming rig, including the MSI MPG Z790 EDGE WIFI Motherboard and a next-level lightning fast GeForce RTX 40-Series graphics card, along with a CLX Quench 360 AIO liquid-cooler and ten RGB fans, keeping everything cool, running smoothly, as well as highlighting that awesome build inside.",
      "full_description": "Windows 11 Home operating system      Windows 11 has all the power and security of Windows 10 with a redesigned and refreshed look. It also comes with new tools, sounds, and apps. Every detail has been considered. All of it comes together to bring you a refreshing experience on your PC.     14th Gen Intel Core i9 14900KF Processor      Optimized for the ultimate, enthusiast-level, high-end gaming and demanding content creation, modeling or video-editing utilizing 24-core, 32-thread processing power with up to 6.0GHz Max clock speed.     NVIDIA GeForce RTX 4080 graphics      Beyond Fast 40-Series - 16GB of ultra-fast GDDR6X dedicated graphics memory, 4th Gen Tensor Cores, 3rd Gen RT Cores, plus up to 2x performance from new streaming multiprocessors that will quickly render high-quality images and produce higher frame rate gaming.     64GB system memory for intense gaming and advanced multitasking      Fast high-performance DDR5 RAM, 5600MHz, to smoothly run your graphics-heavy PC games and video-editing applications, as well as numerous programs and browser tabs all at once.     2TB NVMe M.2 solid state drive (SSD) and 6TB hard drive for a blend of storage space and high speed access      The hard drive provides ample storage, while the SSD delivers faster start-up times and data access.     PCIe Gen5 Technology      Ready with Gen5 PCIe x16 slot to unleash the full potential of future high end graphics cards     4K and 8K Gaming Capable      Connect, play, capture, and watch in brilliant HDR at resolutions up to 8K     G-SYNC compatible for smooth gameplay      NVIDIA G-SYNC technology synchronizes the refresh rates in compatible monitors to the GPU in your PC, eliminating screen tearing and minimizing display stutter and input lag. Monitor sold separately.     Multidisplay capability (1x HDMI | 3x DisplayPort)      Connect up to 4 monitors for more viewing space for multitasking, streaming and gaming. (Monitors sold separately)     Wireless & Wired Network Connectivity (WiFi 802.11ax | 1x 2.5 Gigabit)      Built-in high-speed wireless LAN connects to your network on the most common Wi-Fi standards.The Ethernet LAN port plugs into wired networks.     USB & SuperSpeed USB Connections: (4x USB 3.0 | 1x USB 3.1 | 10x USB 3.2)      Connections to transfer large files rapidly or High-Speed connectivity for your devices and accessories     CLX Sarcophagus      Every CLX RA system is delivered in a heavy duty wooden crate called the Sarcophagus. Designed to keep your hand-built, high-performance RA PC system safe during transit.      Note: This computer does not include a built-in DVD/CD drive.      Intel, Core, Intel Inside and the Intel Inside logo are trademarks or registered trademarks of Intel Corporation or its subsidiaries in the United States and other countries.",
      "rating": null,
      "sorting_index": null,
      "is_active": true,
      "is_limited": false,
      "is_sales": false
    }
  },
  {
    "model": "products.product",
    "pk": 19,
    "fields": {
      "title": "CORSAIR - VENGEANCE i8200 iCUE Link Gaming Desktop",
      "category": 4,
      "price": "4399.99",
      "sales_price": null,
      "sales_from": null,
      "sales_to": null,
      "received_amount": 100,
      "count": 100,
      "created_date": "2024-10-08T15:45:24.241Z",
      "free_delivery": true,
      "shot_description": "CORSAIR - VENGEANCE i8200 iCUE Link Gaming Desktop-Intel Core i9 14900KF-64GB RGB DDR5 Memory-NVIDIA GeForce RTX 4090- 4TB SSD - White. Step up your game with a CORSAIR VENGEANCE i8200 Series Gaming PC, powered by a 14th Gen Intel Core processor, NVIDIA GeForce RTX 40-Series graphics, CORSAIR iCUE LINK H150i AIO Liquid CPU Cooler, and QX120 RGB PWM fans. Dynamic RGB lighting brilliantly illuminates the system, with powerful CORSAIR iCUE software to control lighting, fan and pump speeds, and more. The VENGEANCE i8200 iCUE LINK EDITION is cooled by an H150i RGB liquid CPU cooler and seven QX RGB fans for concentrated airflow. Equipped with a high-speed M.2 NVMe SSD, housed in a roomy CORSAIR 5000T mid-tower ATX case, and easily upgradeable thanks to a standard ATX form-factor, this is everything you need to game with a VENGEANCE.",
      "full_description": "Game with a VENGEANCE      Built with a full range of award-winning CORSAIR components and driven by CORSAIR iCUE software for unparalleled customization and control, the VENGEANCE i8200 Series is powered by a 14th Gen Intel Core CPU     Liquid-Cooled 14th Gen Intel Core CPU      The latest in dynamic CPU architecture so you can game and multitask without compromise, cooled by a CORSAIR iCUE LINK H150i RGB liquid CPU cooler.     NVIDIA GeForce RTX 40-Series Graphics      Experience lifelike virtual worlds with ray tracing and ultra-high FPS gaming with the lowest latency     CORSAIR DOMINATOR TITANIUM RGB DDR5 Memory      Combines clean, refined styling with superior die-cast aluminum construction, advanced lighting design, and push your systems to new heights with faster frequencies, greater capacities, and better performance for a premium memory experience.     Peak Performance      CORSAIR iCUE LINK H150i AIO Liquid CPU Cooler boosts your processor's performance with a split-flow copper cold plate with pre-applied CORSAIR XTM70 thermal paste. QX120 RGB PWM fans ramp up to 2,400 RPM, pushing up to 63.1 CFM of air with 3.8mm H2O of static pressure.     Unparalleled Lighting      CORSAIR iCUE LINK H150i RGB Liquid CPU Cooler comes complete with stunning lighting and hidden wiring delivering a flawless look. QX120 RGB PWM fans boast 34 RGB LEDs per fans, spread across two distinct light zones on either side and enable exclusive lighting modes such as Time Warp.     Unite Your Setup      Powerful CORSAIR iCUE software allows you to monitor your systems performance and instantly sync RGB lighting across all your iCUE-compatible CORSAIR RGB products, including fans, DRAM, and more.     A Modern Case      Built into a roomy CORSAIR 5000T mid-tower ATX case, with easy cable management, a high-airflow front panel, and a stunning tempered glass side panel to show off your RGB lighting.     Easily Upgradeable      A standard ATX form-factor Z790 motherboard makes future upgrades hassle-free.     High-Speed M.2 NVMe SSD Storage      Never wait long for your PC to boot or your games to load.     Seven 120mm CORSAIR LL RGB Fans      Enhanced cooling to keep your VENGEANCE PC running at peak efficiency.     Comprehensive Two-Year Warranty      For complete peace of mind, plus lifetime 24/7 tech support service from the world-class CORSAIR customer support team.",
      "rating": "3.0",
      "sorting_index": 6,
      "is_active": true,
      "is_limited": false,
      "is_sales": false
    }
  },
  {
    "model": "products.product",
    "pk": 20,
    "fields": {
      "title": "CLX - HORUS Gaming Desktop",
      "category": 4,
      "price": "4399.99",
      "sales_price": null,
      "sales_from": null,
      "sales_to": null,
      "received_amount": 100,
      "count": 100,
      "created_date": "2024-10-08T15:50:07.371Z",
      "free_delivery": true,
      "shot_description": "CLX - HORUS Gaming Desktop - Intel Core i9 14900KF - 64GB DDR5 5600 Memory - GeForce RTX 4090 - 2TB NVMe M.2 SSD + 6TB HDD - White. CLX HORUS...the Falcon of War...for superior high-performance gaming. A true gaming system, this Ultimate CLX HORUS gaming desktop computer produces the elite performance to crank up the AAA games, but elite gameplay demands elite, and stunning, visuals as well, and that will be provided by the included 40-Series GeForce RTX 4090 graphics card with 24GB of GDDR6X ultra fast memory, the NVIDIA Ada Lovelace architecture, 4th Gen Tensor Cores for AI-powered graphics, and DLSS3 for frame rate multiplying. Immersive visuals require power to drive it all, and that comes from a Liquid-Cooled 14th Gen 24-Core/32-Thread Intel Core i9 14900KF 3.2GHz processor that's even capable of running at a Max.",
      "full_description": "Windows 11 Home operating system      Windows 11 has all the power and security of Windows 10 with a redesigned and refreshed look. It also comes with new tools, sounds, and apps. Every detail has been considered. All of it comes together to bring you a refreshing experience on your PC.     14th Gen Intel Core i9 14900KF Processor      Optimized for the ultimate, enthusiast-level, high-end gaming and demanding content creation, modeling or video-editing utilizing 24-core, 32-thread processing power with up to 6.0GHz Max clock speed.     NVIDIA GeForce RTX 4090 graphics      Beyond Fast - Packed with 24GB of ultra-fast GDDR6X dedicated graphics memory, 4th Gen Tensor Cores, 3rd Gen RT Cores, plus up to 2x performance from new streaming multiprocessors that will quickly render high-quality images and produce higher frame rate gaming.     64GB system memory for intense gaming and advanced multitasking      Fast high-performance DDR5 RAM, 5600MHz, to smoothly run your graphics-heavy PC games and video-editing applications, as well as numerous programs and browser tabs all at once.     2TB NVMe M.2 solid state drive (SSD) and 6TB hard drive for a blend of storage space and high speed access      The hard drive provides ample storage, while the SSD delivers faster start-up times and data access.     PCIe Gen5 Technology      Ready with Gen5 PCIe x16 slot to unleash the full potential of future high end graphics cards     4K and 8K Gaming Capable      Connect, play, capture, and watch in brilliant HDR at resolutions up to 8K     G-SYNC compatible for smooth gameplay      NVIDIA G-SYNC technology synchronizes the refresh rates in compatible monitors to the GPU in your PC, eliminating screen tearing and minimizing display stutter and input lag. Monitor sold separately.     Multidisplay capability (1x HDMI | 3x DisplayPort)      Connect up to 4 monitors for more viewing space for multitasking, streaming and gaming. (Monitors sold separately)     Wireless & Wired Network Connectivity (WiFi 802.11ax | 1x 2.5 Gigabit)      Built-in high-speed wireless LAN connects to your network on the most common Wi-Fi standards.The Ethernet LAN port plugs into wired networks.     USB & SuperSpeed USB Connections: (2x USB 3.0 | 10x USB 3.2)      Connections to transfer large files rapidly or High-Speed connectivity for your devices and accessories      Note: This computer does not include a built-in DVD/CD drive.      Intel, Core, Intel Inside and the Intel Inside logo are trademarks or registered trademarks of Intel Corporation or its subsidiaries in the United States and other countries.",
      "rating": null,
      "sorting_index": null,
      "is_active": true,
      "is_limited": false,
      "is_sales": false
    }
  },
  {
    "model": "products.product",
    "pk": 21,
    "fields": {
      "title": "Thermaltake - View C i4790 Gaming Desktop",
      "category": 4,
      "price": "3999.99",
      "sales_price": "3499.99",
      "sales_from": "2024-10-08",
      "sales_to": "2024-10-30",
      "received_amount": 100,
      "count": 100,
      "created_date": "2024-10-08T15:55:30.650Z",
      "free_delivery": false,
      "shot_description": "Thermaltake - View C i4790 Gaming Desktop-14th Gen Intel Core i9-14900KF-64GB Memory-NVIDIA GeForce RTX 4090-4TB M.2 NVMe M.2 - White. Unleash the boundless potential of the LCGS View C i4790 and embark on a journey to new frontiers it unveils. Level up with the mighty Intel Core i9-14900KF and strike with the NVIDIA GeForce RTX 4090 graphics card, both harmonized by a cutting-edge cooling system, and brilliantly illuminated by vibrant ARGB fans. This dynamic fusion is geared up to conquer the latest gaming challenges, seamlessly connect with your streaming audience, or invigorate your creative pursuits.",
      "full_description": "Operating system  Windows 11 Home. 14th Gen Intel Core i9-14900KF processor  Performance hybrid architecture, combining Performance-cores (P-cores) and Efficient-cores (E-Cores) to deliver balanced single-thread and multi-threaded real-world performance. NVIDIA GeForce RTX 4090  Packed with 24 GB of G6X memory to deliver the ultimate experience for gamers and creators. 64GB DDR5 memory  Built with TOUGHRAM XG 5600MT/s RGB Memory. 4TB M.2 NVMe SSD storage  Load in faster with performance read and write speeds giving you more time for work and play. 1000W 80Plus Gold ATX 3.0 power supply  PCIe Gen 5.0 Ready! Built for the next generation graphic cards.",
      "rating": "1.0",
      "sorting_index": 5,
      "is_active": true,
      "is_limited": false,
      "is_sales": true
    }
  },
  {
    "model": "products.productimage",
    "pk": 1,
    "fields": {
      "src": "products/product_1/images/Samsung_-_Galaxy_Tab_A9.jpg",
      "alt": "Image is currently unavailable!",
      "product": 1
    }
  },
  {
    "model": "products.productimage",
    "pk": 2,
    "fields": {
      "src": "products/product_1/images/Samsung_-_Galaxy_Tab_A9_1.jpg",
      "alt": "Image is currently unavailable!",
      "product": 1
    }
  },
  {
    "model": "products.productimage",
    "pk": 3,
    "fields": {
      "src": "products/product_1/images/Samsung_-_Galaxy_Tab_A9_2.jpg",
      "alt": "Image is currently unavailable!",
      "product": 1
    }
  },
  {
    "model": "products.productimage",
    "pk": 4,
    "fields": {
      "src": "products/product_2/images/tab_apple.jpg",
      "alt": "Image is currently unavailable!",
      "product": 2
    }
  },
  {
    "model": "products.productimage",
    "pk": 5,
    "fields": {
      "src": "products/product_2/images/tab_apple_1.jpg",
      "alt": "Image is currently unavailable!",
      "product": 2
    }
  },
  {
    "model": "products.productimage",
    "pk": 6,
    "fields": {
      "src": "products/product_2/images/tab_apple_2.jpg",
      "alt": "Image is currently unavailable!",
      "product": 2
    }
  },
  {
    "model": "products.productimage",
    "pk": 7,
    "fields": {
      "src": "products/product_3/images/tab_mic.jpg",
      "alt": "Image is currently unavailable!",
      "product": 3
    }
  },
  {
    "model": "products.productimage",
    "pk": 8,
    "fields": {
      "src": "products/product_3/images/tab_mic_1.jpg",
      "alt": "Image is currently unavailable!",
      "product": 3
    }
  },
  {
    "model": "products.productimage",
    "pk": 9,
    "fields": {
      "src": "products/product_3/images/tab_mic_2.jpg",
      "alt": "Image is currently unavailable!",
      "product": 3
    }
  },
  {
    "model": "products.productimage",
    "pk": 10,
    "fields": {
      "src": "products/product_4/images/laptop_msi.jpg",
      "alt": "Image is currently unavailable!",
      "product": 4
    }
  },
  {
    "model": "products.productimage",
    "pk": 11,
    "fields": {
      "src": "products/product_4/images/laptop_msi_1.jpg",
      "alt": "Image is currently unavailable!",
      "product": 4
    }
  },
  {
    "model": "products.productimage",
    "pk": 12,
    "fields": {
      "src": "products/product_4/images/laptop_msi_2.jpg",
      "alt": "Image is currently unavailable!",
      "product": 4
    }
  },
  {
    "model": "products.productimage",
    "pk": 13,
    "fields": {
      "src": "products/product_5/images/laptop_mac.jpg",
      "alt": "Image is currently unavailable!",
      "product": 5
    }
  },
  {
    "model": "products.productimage",
    "pk": 14,
    "fields": {
      "src": "products/product_5/images/laptop_mac_1.jpg",
      "alt": "Image is currently unavailable!",
      "product": 5
    }
  },
  {
    "model": "products.productimage",
    "pk": 15,
    "fields": {
      "src": "products/product_6/images/laptop_sum.jpg",
      "alt": "Image is currently unavailable!",
      "product": 6
    }
  },
  {
    "model": "products.productimage",
    "pk": 16,
    "fields": {
      "src": "products/product_6/images/laptop_sum_1.jpg",
      "alt": "Image is currently unavailable!",
      "product": 6
    }
  },
  {
    "model": "products.productimage",
    "pk": 17,
    "fields": {
      "src": "products/product_7/images/monitor_msi.jpg",
      "alt": "Image is currently unavailable!",
      "product": 7
    }
  },
  {
    "model": "products.productimage",
    "pk": 18,
    "fields": {
      "src": "products/product_7/images/monitor_msi_1.jpg",
      "alt": "Image is currently unavailable!",
      "product": 7
    }
  },
  {
    "model": "products.productimage",
    "pk": 19,
    "fields": {
      "src": "products/product_8/images/monitor_apple.jpg",
      "alt": "Image is currently unavailable!",
      "product": 8
    }
  },
  {
    "model": "products.productimage",
    "pk": 20,
    "fields": {
      "src": "products/product_8/images/monitor_apple_1.jpg",
      "alt": "Image is currently unavailable!",
      "product": 8
    }
  },
  {
    "model": "products.productimage",
    "pk": 21,
    "fields": {
      "src": "products/product_9/images/desktop_apple.jpg",
      "alt": "Image is currently unavailable!",
      "product": 9
    }
  },
  {
    "model": "products.productimage",
    "pk": 22,
    "fields": {
      "src": "products/product_9/images/desktop_apple_1.jpg",
      "alt": "Image is currently unavailable!",
      "product": 9
    }
  },
  {
    "model": "products.productimage",
    "pk": 23,
    "fields": {
      "src": "products/product_10/images/desktop_msi.jpg",
      "alt": "Image is currently unavailable!",
      "product": 10
    }
  },
  {
    "model": "products.productimage",
    "pk": 24,
    "fields": {
      "src": "products/product_10/images/desktop_msi_1.jpg",
      "alt": "Image is currently unavailable!",
      "product": 10
    }
  },
  {
    "model": "products.productimage",
    "pk": 25,
    "fields": {
      "src": "products/product_11/images/keyboard_apex.jpg",
      "alt": "Image is currently unavailable!",
      "product": 11
    }
  },
  {
    "model": "products.productimage",
    "pk": 26,
    "fields": {
      "src": "products/product_11/images/keyboard_apex_1.jpg",
      "alt": "Image is currently unavailable!",
      "product": 11
    }
  },
  {
    "model": "products.productimage",
    "pk": 27,
    "fields": {
      "src": "products/product_12/images/keyboard_logi.jpg",
      "alt": "Image is currently unavailable!",
      "product": 12
    }
  },
  {
    "model": "products.productimage",
    "pk": 28,
    "fields": {
      "src": "products/product_13/images/mouse_logi.jpg",
      "alt": "Image is currently unavailable!",
      "product": 13
    }
  },
  {
    "model": "products.productimage",
    "pk": 29,
    "fields": {
      "src": "products/product_13/images/mouse_logi_1.jpg",
      "alt": "Image is currently unavailable!",
      "product": 13
    }
  },
  {
    "model": "products.productimage",
    "pk": 30,
    "fields": {
      "src": "products/product_14/images/mouse_msi.jpg",
      "alt": "Image is currently unavailable!",
      "product": 14
    }
  },
  {
    "model": "products.productimage",
    "pk": 31,
    "fields": {
      "src": "products/product_14/images/mouse_msi_2.jpg",
      "alt": "Image is currently unavailable!",
      "product": 14
    }
  },
  {
    "model": "products.productimage",
    "pk": 32,
    "fields": {
      "src": "products/product_14/images/mouse_msi_3.jpg",
      "alt": "Image is currently unavailable!",
      "product": 14
    }
  },
  {
    "model": "products.productimage",
    "pk": 33,
    "fields": {
      "src": "products/product_14/images/mouse_msi_4.jpg",
      "alt": "Image is currently unavailable!",
      "product": 14
    }
  },
  {
    "model": "products.productimage",
    "pk": 34,
    "fields": {
      "src": "products/product_16/images/desktop_cyberpower.jpg",
      "alt": "Image is currently unavailable!",
      "product": 16
    }
  },
  {
    "model": "products.productimage",
    "pk": 35,
    "fields": {
      "src": "products/product_15/images/desktop_dell.jpg",
      "alt": "Image is currently unavailable!",
      "product": 15
    }
  },
  {
    "model": "products.productimage",
    "pk": 36,
    "fields": {
      "src": "products/product_17/images/desktop_clir.jpg",
      "alt": "Image is currently unavailable!",
      "product": 17
    }
  },
  {
    "model": "products.productimage",
    "pk": 37,
    "fields": {
      "src": "products/product_18/images/desktop_clx_bold.jpg",
      "alt": "Image is currently unavailable!",
      "product": 18
    }
  },
  {
    "model": "products.productimage",
    "pk": 38,
    "fields": {
      "src": "products/product_19/images/desktop_corsair.jpg",
      "alt": "Image is currently unavailable!",
      "product": 19
    }
  },
  {
    "model": "products.productimage",
    "pk": 39,
    "fields": {
      "src": "products/product_20/images/desktop_clx_horux.jpg",
      "alt": "Image is currently unavailable!",
      "product": 20
    }
  },
  {
    "model": "products.productimage",
    "pk": 40,
    "fields": {
      "src": "products/product_21/images/desktop_Thermaltake.jpg",
      "alt": "Image is currently unavailable!",
      "product": 21
    }
  },
  {
    "model": "products.productandspecification",
    "pk": 1,
    "fields": {
      "product": 1,
      "specification": 1
    }
  },
  {
    "model": "products.productandspecification",
    "pk": 2,
    "fields": {
      "product": 1,
      "specification": 2
    }
  },
  {
    "model": "products.productandspecification",
    "pk": 3,
    "fields": {
      "product": 1,
      "specification": 3
    }
  },
  {
    "model": "products.productandspecification",
    "pk": 4,
    "fields": {
      "product": 1,
      "specification": 4
    }
  },
  {
    "model": "products.productandspecification",
    "pk": 5,
    "fields": {
      "product": 1,
      "specification": 5
    }
  },
  {
    "model": "products.productandspecification",
    "pk": 6,
    "fields": {
      "product": 1,
      "specification": 6
    }
  },
  {
    "model": "products.productandspecification",
    "pk": 7,
    "fields": {
      "product": 1,
      "specification": 7
    }
  },
  {
    "model": "products.productandspecification",
    "pk": 8,
    "fields": {
      "product": 1,
      "specification": 8
    }
  },
  {
    "model": "products.productandspecification",
    "pk": 9,
    "fields": {
      "product": 2,
      "specification": 1
    }
  },
  {
    "model": "products.productandspecification",
    "pk": 10,
    "fields": {
      "product": 2,
      "specification": 9
    }
  },
  {
    "model": "products.productandspecification",
    "pk": 11,
    "fields": {
      "product": 2,
      "specification": 10
    }
  },
  {
    "model": "products.productandspecification",
    "pk": 12,
    "fields": {
      "product": 2,
      "specification": 11
    }
  },
  {
    "model": "products.productandspecification",
    "pk": 13,
    "fields": {
      "product": 2,
      "specification": 12
    }
  },
  {
    "model": "products.productandspecification",
    "pk": 14,
    "fields": {
      "product": 2,
      "specification": 8
    }
  },
  {
    "model": "products.productandspecification",
    "pk": 15,
    "fields": {
      "product": 2,
      "specification": 13
    }
  },
  {
    "model": "products.productandspecification",
    "pk": 16,
    "fields": {
      "product": 3,
      "specification": 14
    }
  },
  {
    "model": "products.productandspecification",
    "pk": 17,
    "fields": {
      "product": 3,
      "specification": 15
    }
  },
  {
    "model": "products.productandspecification",
    "pk": 18,
    "fields": {
      "product": 3,
      "specification": 16
    }
  },
  {
    "model": "products.productandspecification",
    "pk": 19,
    "fields": {
      "product": 3,
      "specification": 11
    }
  },
  {
    "model": "products.productandspecification",
    "pk": 20,
    "fields": {
      "product": 3,
      "specification": 17
    }
  },
  {
    "model": "products.productandspecification",
    "pk": 21,
    "fields": {
      "product": 3,
      "specification": 8
    }
  },
  {
    "model": "products.productandspecification",
    "pk": 22,
    "fields": {
      "product": 3,
      "specification": 18
    }
  },
  {
    "model": "products.productandspecification",
    "pk": 23,
    "fields": {
      "product": 3,
      "specification": 19
    }
  },
  {
    "model": "products.productandspecification",
    "pk": 24,
    "fields": {
      "product": 4,
      "specification": 20
    }
  },
  {
    "model": "products.productandspecification",
    "pk": 25,
    "fields": {
      "product": 4,
      "specification": 21
    }
  },
  {
    "model": "products.productandspecification",
    "pk": 26,
    "fields": {
      "product": 4,
      "specification": 22
    }
  },
  {
    "model": "products.productandspecification",
    "pk": 27,
    "fields": {
      "product": 4,
      "specification": 23
    }
  },
  {
    "model": "products.productandspecification",
    "pk": 28,
    "fields": {
      "product": 4,
      "specification": 24
    }
  },
  {
    "model": "products.productandspecification",
    "pk": 29,
    "fields": {
      "product": 4,
      "specification": 25
    }
  },
  {
    "model": "products.productandspecification",
    "pk": 30,
    "fields": {
      "product": 4,
      "specification": 26
    }
  },
  {
    "model": "products.productandspecification",
    "pk": 31,
    "fields": {
      "product": 4,
      "specification": 27
    }
  },
  {
    "model": "products.productandspecification",
    "pk": 32,
    "fields": {
      "product": 5,
      "specification": 28
    }
  },
  {
    "model": "products.productandspecification",
    "pk": 33,
    "fields": {
      "product": 5,
      "specification": 29
    }
  },
  {
    "model": "products.productandspecification",
    "pk": 34,
    "fields": {
      "product": 5,
      "specification": 30
    }
  },
  {
    "model": "products.productandspecification",
    "pk": 35,
    "fields": {
      "product": 5,
      "specification": 31
    }
  },
  {
    "model": "products.productandspecification",
    "pk": 36,
    "fields": {
      "product": 5,
      "specification": 11
    }
  },
  {
    "model": "products.productandspecification",
    "pk": 37,
    "fields": {
      "product": 5,
      "specification": 32
    }
  },
  {
    "model": "products.productandspecification",
    "pk": 38,
    "fields": {
      "product": 5,
      "specification": 8
    }
  },
  {
    "model": "products.productandspecification",
    "pk": 39,
    "fields": {
      "product": 5,
      "specification": 33
    }
  },
  {
    "model": "products.productandspecification",
    "pk": 40,
    "fields": {
      "product": 6,
      "specification": 34
    }
  },
  {
    "model": "products.productandspecification",
    "pk": 41,
    "fields": {
      "product": 6,
      "specification": 35
    }
  },
  {
    "model": "products.productandspecification",
    "pk": 42,
    "fields": {
      "product": 6,
      "specification": 36
    }
  },
  {
    "model": "products.productandspecification",
    "pk": 43,
    "fields": {
      "product": 6,
      "specification": 19
    }
  },
  {
    "model": "products.productandspecification",
    "pk": 44,
    "fields": {
      "product": 6,
      "specification": 23
    }
  },
  {
    "model": "products.productandspecification",
    "pk": 45,
    "fields": {
      "product": 6,
      "specification": 8
    }
  },
  {
    "model": "products.productandspecification",
    "pk": 46,
    "fields": {
      "product": 7,
      "specification": 37
    }
  },
  {
    "model": "products.productandspecification",
    "pk": 47,
    "fields": {
      "product": 7,
      "specification": 38
    }
  },
  {
    "model": "products.productandspecification",
    "pk": 48,
    "fields": {
      "product": 7,
      "specification": 39
    }
  },
  {
    "model": "products.productandspecification",
    "pk": 49,
    "fields": {
      "product": 7,
      "specification": 40
    }
  },
  {
    "model": "products.productandspecification",
    "pk": 50,
    "fields": {
      "product": 8,
      "specification": 41
    }
  },
  {
    "model": "products.productandspecification",
    "pk": 51,
    "fields": {
      "product": 8,
      "specification": 42
    }
  },
  {
    "model": "products.productandspecification",
    "pk": 52,
    "fields": {
      "product": 8,
      "specification": 28
    }
  },
  {
    "model": "products.productandspecification",
    "pk": 53,
    "fields": {
      "product": 8,
      "specification": 43
    }
  },
  {
    "model": "products.productandspecification",
    "pk": 54,
    "fields": {
      "product": 8,
      "specification": 44
    }
  },
  {
    "model": "products.productandspecification",
    "pk": 55,
    "fields": {
      "product": 9,
      "specification": 45
    }
  },
  {
    "model": "products.productandspecification",
    "pk": 56,
    "fields": {
      "product": 9,
      "specification": 23
    }
  },
  {
    "model": "products.productandspecification",
    "pk": 57,
    "fields": {
      "product": 9,
      "specification": 46
    }
  },
  {
    "model": "products.productandspecification",
    "pk": 58,
    "fields": {
      "product": 9,
      "specification": 47
    }
  },
  {
    "model": "products.productandspecification",
    "pk": 59,
    "fields": {
      "product": 9,
      "specification": 48
    }
  },
  {
    "model": "products.productandspecification",
    "pk": 60,
    "fields": {
      "product": 10,
      "specification": 49
    }
  },
  {
    "model": "products.productandspecification",
    "pk": 61,
    "fields": {
      "product": 10,
      "specification": 50
    }
  },
  {
    "model": "products.productandspecification",
    "pk": 62,
    "fields": {
      "product": 10,
      "specification": 46
    }
  },
  {
    "model": "products.productandspecification",
    "pk": 63,
    "fields": {
      "product": 10,
      "specification": 51
    }
  },
  {
    "model": "products.productandspecification",
    "pk": 64,
    "fields": {
      "product": 10,
      "specification": 52
    }
  },
  {
    "model": "products.productandspecification",
    "pk": 65,
    "fields": {
      "product": 10,
      "specification": 53
    }
  },
  {
    "model": "products.productandspecification",
    "pk": 66,
    "fields": {
      "product": 11,
      "specification": 54
    }
  },
  {
    "model": "products.productandspecification",
    "pk": 67,
    "fields": {
      "product": 11,
      "specification": 55
    }
  },
  {
    "model": "products.productandspecification",
    "pk": 68,
    "fields": {
      "product": 11,
      "specification": 56
    }
  },
  {
    "model": "products.productandspecification",
    "pk": 69,
    "fields": {
      "product": 12,
      "specification": 56
    }
  },
  {
    "model": "products.productandspecification",
    "pk": 70,
    "fields": {
      "product": 12,
      "specification": 55
    }
  },
  {
    "model": "products.productandspecification",
    "pk": 71,
    "fields": {
      "product": 12,
      "specification": 54
    }
  },
  {
    "model": "products.productandspecification",
    "pk": 72,
    "fields": {
      "product": 12,
      "specification": 57
    }
  },
  {
    "model": "products.productandspecification",
    "pk": 73,
    "fields": {
      "product": 13,
      "specification": 58
    }
  },
  {
    "model": "products.productandspecification",
    "pk": 74,
    "fields": {
      "product": 13,
      "specification": 55
    }
  },
  {
    "model": "products.productandspecification",
    "pk": 75,
    "fields": {
      "product": 13,
      "specification": 59
    }
  },
  {
    "model": "products.productandspecification",
    "pk": 76,
    "fields": {
      "product": 13,
      "specification": 60
    }
  },
  {
    "model": "products.productandspecification",
    "pk": 77,
    "fields": {
      "product": 13,
      "specification": 61
    }
  },
  {
    "model": "products.productandspecification",
    "pk": 78,
    "fields": {
      "product": 14,
      "specification": 55
    }
  },
  {
    "model": "products.productandspecification",
    "pk": 79,
    "fields": {
      "product": 14,
      "specification": 62
    }
  },
  {
    "model": "products.productandspecification",
    "pk": 80,
    "fields": {
      "product": 14,
      "specification": 63
    }
  },
  {
    "model": "products.productandspecification",
    "pk": 81,
    "fields": {
      "product": 14,
      "specification": 64
    }
  },
  {
    "model": "products.productandspecification",
    "pk": 82,
    "fields": {
      "product": 14,
      "specification": 65
    }
  },
  {
    "model": "products.productandspecification",
    "pk": 83,
    "fields": {
      "product": 15,
      "specification": 66
    }
  },
  {
    "model": "products.productandspecification",
    "pk": 84,
    "fields": {
      "product": 15,
      "specification": 19
    }
  },
  {
    "model": "products.productandspecification",
    "pk": 85,
    "fields": {
      "product": 15,
      "specification": 23
    }
  },
  {
    "model": "products.productandspecification",
    "pk": 86,
    "fields": {
      "product": 15,
      "specification": 53
    }
  },
  {
    "model": "products.productandspecification",
    "pk": 87,
    "fields": {
      "product": 16,
      "specification": 67
    }
  },
  {
    "model": "products.productandspecification",
    "pk": 88,
    "fields": {
      "product": 16,
      "specification": 46
    }
  },
  {
    "model": "products.productandspecification",
    "pk": 89,
    "fields": {
      "product": 16,
      "specification": 68
    }
  },
  {
    "model": "products.productandspecification",
    "pk": 90,
    "fields": {
      "product": 16,
      "specification": 69
    }
  },
  {
    "model": "products.productandspecification",
    "pk": 91,
    "fields": {
      "product": 16,
      "specification": 70
    }
  },
  {
    "model": "products.productandspecification",
    "pk": 92,
    "fields": {
      "product": 17,
      "specification": 71
    }
  },
  {
    "model": "products.productandspecification",
    "pk": 93,
    "fields": {
      "product": 17,
      "specification": 72
    }
  },
  {
    "model": "products.productandspecification",
    "pk": 94,
    "fields": {
      "product": 17,
      "specification": 73
    }
  },
  {
    "model": "products.productandspecification",
    "pk": 95,
    "fields": {
      "product": 17,
      "specification": 74
    }
  },
  {
    "model": "products.productandspecification",
    "pk": 96,
    "fields": {
      "product": 17,
      "specification": 70
    }
  },
  {
    "model": "products.productandspecification",
    "pk": 97,
    "fields": {
      "product": 18,
      "specification": 77
    }
  },
  {
    "model": "products.productandspecification",
    "pk": 98,
    "fields": {
      "product": 18,
      "specification": 72
    }
  },
  {
    "model": "products.productandspecification",
    "pk": 99,
    "fields": {
      "product": 18,
      "specification": 75
    }
  },
  {
    "model": "products.productandspecification",
    "pk": 100,
    "fields": {
      "product": 18,
      "specification": 46
    }
  },
  {
    "model": "products.productandspecification",
    "pk": 101,
    "fields": {
      "product": 18,
      "specification": 76
    }
  },
  {
    "model": "products.productandspecification",
    "pk": 102,
    "fields": {
      "product": 19,
      "specification": 77
    }
  },
  {
    "model": "products.productandspecification",
    "pk": 103,
    "fields": {
      "product": 19,
      "specification": 46
    }
  },
  {
    "model": "products.productandspecification",
    "pk": 104,
    "fields": {
      "product": 19,
      "specification": 78
    }
  },
  {
    "model": "products.productandspecification",
    "pk": 105,
    "fields": {
      "product": 19,
      "specification": 74
    }
  },
  {
    "model": "products.productandspecification",
    "pk": 106,
    "fields": {
      "product": 19,
      "specification": 79
    }
  },
  {
    "model": "products.productandspecification",
    "pk": 107,
    "fields": {
      "product": 20,
      "specification": 77
    }
  },
  {
    "model": "products.productandspecification",
    "pk": 108,
    "fields": {
      "product": 20,
      "specification": 79
    }
  },
  {
    "model": "products.productandspecification",
    "pk": 109,
    "fields": {
      "product": 20,
      "specification": 74
    }
  },
  {
    "model": "products.productandspecification",
    "pk": 110,
    "fields": {
      "product": 20,
      "specification": 72
    }
  },
  {
    "model": "products.productandspecification",
    "pk": 111,
    "fields": {
      "product": 20,
      "specification": 46
    }
  },
  {
    "model": "products.productandspecification",
    "pk": 112,
    "fields": {
      "product": 20,
      "specification": 80
    }
  },
  {
    "model": "products.productandspecification",
    "pk": 113,
    "fields": {
      "product": 21,
      "specification": 77
    }
  },
  {
    "model": "products.productandspecification",
    "pk": 114,
    "fields": {
      "product": 21,
      "specification": 53
    }
  },
  {
    "model": "products.productandspecification",
    "pk": 115,
    "fields": {
      "product": 21,
      "specification": 46
    }
  },
  {
    "model": "products.productandspecification",
    "pk": 116,
    "fields": {
      "product": 21,
      "specification": 51
    }
  },
  {
    "model": "products.productandspecification",
    "pk": 117,
    "fields": {
      "product": 21,
      "specification": 81
    }
  },
  {
    "model": "products.productspecification",
    "pk": 1,
    "fields": {
      "name": "Screen Size",
      "value": "11 inches"
    }
  },
  {
    "model": "products.productspecification",
    "pk": 2,
    "fields": {
      "name": "Processor Model",
      "value": "Qualcomm Snapdragon 695 (SM6375)"
    }
  },
  {
    "model": "products.productspecification",
    "pk": 3,
    "fields": {
      "name": "Screen Resolution",
      "value": "1920 x 1200"
    }
  },
  {
    "model": "products.productspecification",
    "pk": 4,
    "fields": {
      "name": "Total Storage Capacity",
      "value": "256 gigabytes"
    }
  },
  {
    "model": "products.productspecification",
    "pk": 5,
    "fields": {
      "name": "Operating System",
      "value": "Android 13"
    }
  },
  {
    "model": "products.productspecification",
    "pk": 6,
    "fields": {
      "name": "System Memory (RAM)",
      "value": "8 gigabytes"
    }
  },
  {
    "model": "products.productspecification",
    "pk": 7,
    "fields": {
      "name": "Battery Capacity",
      "value": "7040 milliampere hours"
    }
  },
  {
    "model": "products.productspecification",
    "pk": 8,
    "fields": {
      "name": "Battery Type",
      "value": "Lithium-ion"
    }
  },
  {
    "model": "products.productspecification",
    "pk": 9,
    "fields": {
      "name": "Screen Resolution",
      "value": "2752 x 2064"
    }
  },
  {
    "model": "products.productspecification",
    "pk": 10,
    "fields": {
      "name": "Processor Model",
      "value": "Apple M4"
    }
  },
  {
    "model": "products.productspecification",
    "pk": 11,
    "fields": {
      "name": "Total Storage Capacity",
      "value": "512 gigabytes"
    }
  },
  {
    "model": "products.productspecification",
    "pk": 12,
    "fields": {
      "name": "Operating System",
      "value": "Apple iPadOS"
    }
  },
  {
    "model": "products.productspecification",
    "pk": 13,
    "fields": {
      "name": "System Memory (RAM)",
      "value": "8 gigabytes"
    }
  },
  {
    "model": "products.productspecification",
    "pk": 14,
    "fields": {
      "name": "Screen Size",
      "value": "13 inches"
    }
  },
  {
    "model": "products.productspecification",
    "pk": 15,
    "fields": {
      "name": "Screen Resolution",
      "value": "2880 x 1920"
    }
  },
  {
    "model": "products.productspecification",
    "pk": 16,
    "fields": {
      "name": "Processor Model",
      "value": "Qualcomm Snapdragon X Plus"
    }
  },
  {
    "model": "products.productspecification",
    "pk": 17,
    "fields": {
      "name": "Operating System",
      "value": "Windows 11 Home"
    }
  },
  {
    "model": "products.productspecification",
    "pk": 18,
    "fields": {
      "name": "Brand",
      "value": "Microsoft"
    }
  },
  {
    "model": "products.productspecification",
    "pk": 19,
    "fields": {
      "name": "System Memory (RAM)",
      "value": "16 gigabytes"
    }
  },
  {
    "model": "products.productspecification",
    "pk": 20,
    "fields": {
      "name": "Screen Size",
      "value": "15.6 inches"
    }
  },
  {
    "model": "products.productspecification",
    "pk": 21,
    "fields": {
      "name": "Screen Resolution",
      "value": "1920 x 1080 (Full HD)"
    }
  },
  {
    "model": "products.productspecification",
    "pk": 22,
    "fields": {
      "name": "Processor Model",
      "value": "AMD Ryzen 9 8000 Series"
    }
  },
  {
    "model": "products.productspecification",
    "pk": 23,
    "fields": {
      "name": "Total Storage Capacity",
      "value": "1000 gigabytes"
    }
  },
  {
    "model": "products.productspecification",
    "pk": 24,
    "fields": {
      "name": "System Memory (RAM)",
      "value": "16 gigabytes"
    }
  },
  {
    "model": "products.productspecification",
    "pk": 25,
    "fields": {
      "name": "Graphics",
      "value": "NVIDIA GeForce RTX 4070"
    }
  },
  {
    "model": "products.productspecification",
    "pk": 26,
    "fields": {
      "name": "Refresh Rate",
      "value": "144Hz"
    }
  },
  {
    "model": "products.productspecification",
    "pk": 27,
    "fields": {
      "name": "Battery Type",
      "value": "Lithium-polymer"
    }
  },
  {
    "model": "products.productspecification",
    "pk": 28,
    "fields": {
      "name": "Screen Type",
      "value": "Retina Display"
    }
  },
  {
    "model": "products.productspecification",
    "pk": 29,
    "fields": {
      "name": "Screen Size",
      "value": "14.2 inches"
    }
  },
  {
    "model": "products.productspecification",
    "pk": 30,
    "fields": {
      "name": "Screen Resolution",
      "value": "3024 x 1964"
    }
  },
  {
    "model": "products.productspecification",
    "pk": 31,
    "fields": {
      "name": "Processor Model",
      "value": "Apple M3 Pro"
    }
  },
  {
    "model": "products.productspecification",
    "pk": 32,
    "fields": {
      "name": "System Memory (RAM)",
      "value": "18 gigabytes"
    }
  },
  {
    "model": "products.productspecification",
    "pk": 33,
    "fields": {
      "name": "Operating System",
      "value": "macOS Sonoma 14"
    }
  },
  {
    "model": "products.productspecification",
    "pk": 34,
    "fields": {
      "name": "Screen Size",
      "value": "16 inches"
    }
  },
  {
    "model": "products.productspecification",
    "pk": 35,
    "fields": {
      "name": "Screen Resolution",
      "value": "2880 x 1800"
    }
  },
  {
    "model": "products.productspecification",
    "pk": 36,
    "fields": {
      "name": "Processor Model",
      "value": "Intel Core Ultra 7 Series 1 Evo Edition"
    }
  },
  {
    "model": "products.productspecification",
    "pk": 37,
    "fields": {
      "name": "Refresh Rate",
      "value": "180Hz"
    }
  },
  {
    "model": "products.productspecification",
    "pk": 38,
    "fields": {
      "name": "Screen Resolution",
      "value": "2560 x 1440"
    }
  },
  {
    "model": "products.productspecification",
    "pk": 39,
    "fields": {
      "name": "Panel Type",
      "value": "IPS"
    }
  },
  {
    "model": "products.productspecification",
    "pk": 40,
    "fields": {
      "name": "Screen Size",
      "value": "27 inches"
    }
  },
  {
    "model": "products.productspecification",
    "pk": 41,
    "fields": {
      "name": "Refresh Rate",
      "value": "60Hz"
    }
  },
  {
    "model": "products.productspecification",
    "pk": 42,
    "fields": {
      "name": "Screen Resolution",
      "value": "5120 x 2880 (5K)"
    }
  },
  {
    "model": "products.productspecification",
    "pk": 43,
    "fields": {
      "name": "Screen Size",
      "value": "27 inches"
    }
  },
  {
    "model": "products.productspecification",
    "pk": 44,
    "fields": {
      "name": "Brand",
      "value": "Apple"
    }
  },
  {
    "model": "products.productspecification",
    "pk": 45,
    "fields": {
      "name": "Processor Model",
      "value": "Apple M2 Ultra"
    }
  },
  {
    "model": "products.productspecification",
    "pk": 46,
    "fields": {
      "name": "System Memory (RAM)",
      "value": "64 gigabytes"
    }
  },
  {
    "model": "products.productspecification",
    "pk": 47,
    "fields": {
      "name": "Graphics",
      "value": "Apple M2 Ultra 60-core"
    }
  },
  {
    "model": "products.productspecification",
    "pk": 48,
    "fields": {
      "name": "Operating System",
      "value": "macOS Ventura"
    }
  },
  {
    "model": "products.productspecification",
    "pk": 49,
    "fields": {
      "name": "Processor Model",
      "value": "Intel Core i9 14th Generation"
    }
  },
  {
    "model": "products.productspecification",
    "pk": 50,
    "fields": {
      "name": "Total Storage Capacity",
      "value": "2000 gigabytes"
    }
  },
  {
    "model": "products.productspecification",
    "pk": 51,
    "fields": {
      "name": "Graphics",
      "value": "NVIDIA GeForce RTX 4090"
    }
  },
  {
    "model": "products.productspecification",
    "pk": 52,
    "fields": {
      "name": "Brand",
      "value": "MSI"
    }
  },
  {
    "model": "products.productspecification",
    "pk": 53,
    "fields": {
      "name": "Operating System",
      "value": "Windows 11 Pro"
    }
  },
  {
    "model": "products.productspecification",
    "pk": 54,
    "fields": {
      "name": "Keyboard Technology",
      "value": "Keyboard Technology Mechanical"
    }
  },
  {
    "model": "products.productspecification",
    "pk": 55,
    "fields": {
      "name": "Connection Type",
      "value": "Wireless"
    }
  },
  {
    "model": "products.productspecification",
    "pk": 56,
    "fields": {
      "name": "Keyboard Type",
      "value": "Gaming, Programmable"
    }
  },
  {
    "model": "products.productspecification",
    "pk": 57,
    "fields": {
      "name": "Brand",
      "value": "Logitech"
    }
  },
  {
    "model": "products.productspecification",
    "pk": 58,
    "fields": {
      "name": "Maximum Sensitivity",
      "value": "32000 dots per inch"
    }
  },
  {
    "model": "products.productspecification",
    "pk": 59,
    "fields": {
      "name": "Number of Buttons (Total)",
      "value": "5"
    }
  },
  {
    "model": "products.productspecification",
    "pk": 60,
    "fields": {
      "name": "Mouse Operation",
      "value": "Button(s), Scroll wheel"
    }
  },
  {
    "model": "products.productspecification",
    "pk": 61,
    "fields": {
      "name": "Handedness",
      "value": "Right-handed"
    }
  },
  {
    "model": "products.productspecification",
    "pk": 62,
    "fields": {
      "name": "Maximum Sensitivity",
      "value": "20000 dots per inch"
    }
  },
  {
    "model": "products.productspecification",
    "pk": 63,
    "fields": {
      "name": "Number of Buttons (Total)",
      "value": "6"
    }
  },
  {
    "model": "products.productspecification",
    "pk": 64,
    "fields": {
      "name": "Mouse Type",
      "value": "Gaming"
    }
  },
  {
    "model": "products.productspecification",
    "pk": 65,
    "fields": {
      "name": "Tracking Method",
      "value": "Optical"
    }
  },
  {
    "model": "products.productspecification",
    "pk": 66,
    "fields": {
      "name": "Processor Model",
      "value": "Intel Core i7 14th Generation"
    }
  },
  {
    "model": "products.productspecification",
    "pk": 67,
    "fields": {
      "name": "Total Storage Capacity",
      "value": "4000 gigabytes"
    }
  },
  {
    "model": "products.productspecification",
    "pk": 68,
    "fields": {
      "name": "Graphics",
      "value": "NVIDIA GeForce RTX 4090"
    }
  },
  {
    "model": "products.productspecification",
    "pk": 69,
    "fields": {
      "name": "Processor Model",
      "value": "AMD Ryzen 9 9000 Series"
    }
  },
  {
    "model": "products.productspecification",
    "pk": 70,
    "fields": {
      "name": "GPU Video Memory (RAM)",
      "value": "24 gigabytes"
    }
  },
  {
    "model": "products.productspecification",
    "pk": 71,
    "fields": {
      "name": "Processor Model",
      "value": "Intel 13th Generation Core i9"
    }
  },
  {
    "model": "products.productspecification",
    "pk": 72,
    "fields": {
      "name": "Total Storage Capacity",
      "value": "8000 gigabytes"
    }
  },
  {
    "model": "products.productspecification",
    "pk": 73,
    "fields": {
      "name": "System Memory (RAM)",
      "value": "96 gigabytes"
    }
  },
  {
    "model": "products.productspecification",
    "pk": 74,
    "fields": {
      "name": "Graphics",
      "value": "NVIDIA GeForce RTX 4090"
    }
  },
  {
    "model": "products.productspecification",
    "pk": 75,
    "fields": {
      "name": "Graphics",
      "value": "Graphics NVIDIA GeForce RTX 4080"
    }
  },
  {
    "model": "products.productspecification",
    "pk": 76,
    "fields": {
      "name": "GPU Video Memory (RAM)",
      "value": "16 gigabytes"
    }
  },
  {
    "model": "products.productspecification",
    "pk": 77,
    "fields": {
      "name": "Processor Model",
      "value": "Intel Core i9 14th Generation"
    }
  },
  {
    "model": "products.productspecification",
    "pk": 78,
    "fields": {
      "name": "Total Storage Capacity",
      "value": "4000 gigabytes"
    }
  },
  {
    "model": "products.productspecification",
    "pk": 79,
    "fields": {
      "name": "Operating System",
      "value": "Windows 11 Pro"
    }
  },
  {
    "model": "products.productspecification",
    "pk": 80,
    "fields": {
      "name": "GPU Video Memory (RAM)",
      "value": "24 gigabytes"
    }
  },
  {
    "model": "products.productspecification",
    "pk": 81,
    "fields": {
      "name": "Total Storage Capacity",
      "value": "4000 gigabytes"
    }
  },
  {
    "model": "orders.deliverytype",
    "pk": 1,
    "fields": {
      "name": "ordinary",
      "price": "300.00",
      "free_delivery_order_price": "2000.00"
    }
  },
  {
    "model": "orders.deliverytype",
    "pk": 2,
    "fields": {
      "name": "express",
      "price": "500.00",
      "free_delivery_order_price": null
    }
  },
  {
    "model": "orders.orderandproduct",
    "pk": 1,
    "fields": {
      "order": 1,
      "product": 3,
      "total_quantity": 1,
      "total_price": "1000.00"
    }
  },
  {
    "model": "orders.orderandproduct",
    "pk": 2,
    "fields": {
      "order": 1,
      "product": 4,
      "total_quantity": 1,
      "total_price": "1499.00"
    }
  },
  {
    "model": "orders.orderandproduct",
    "pk": 3,
    "fields": {
      "order": 1,
      "product": 14,
      "total_quantity": 1,
      "total_price": "82.99"
    }
  },
  {
    "model": "orders.orderandproduct",
    "pk": 4,
    "fields": {
      "order": 2,
      "product": 11,
      "total_quantity": 1,
      "total_price": "199.99"
    }
  },
  {
    "model": "orders.orderandproduct",
    "pk": 5,
    "fields": {
      "order": 3,
      "product": 7,
      "total_quantity": 1,
      "total_price": "100.00"
    }
  },
  {
    "model": "orders.orderandproduct",
    "pk": 6,
    "fields": {
      "order": 3,
      "product": 12,
      "total_quantity": 1,
      "total_price": "229.99"
    }
  },
  {
    "model": "orders.orderandproduct",
    "pk": 7,
    "fields": {
      "order": 3,
      "product": 13,
      "total_quantity": 1,
      "total_price": "149.99"
    }
  },
  {
    "model": "orders.orderandproduct",
    "pk": 8,
    "fields": {
      "order": 3,
      "product": 16,
      "total_quantity": 1,
      "total_price": "3599.99"
    }
  },
  {
    "model": "orders.orderandproduct",
    "pk": 9,
    "fields": {
      "order": 4,
      "product": 6,
      "total_quantity": 1,
      "total_price": "1769.00"
    }
  },
  {
    "model": "orders.orderandproduct",
    "pk": 10,
    "fields": {
      "order": 5,
      "product": 10,
      "total_quantity": 1,
      "total_price": "3999.00"
    }
  },
  {
    "model": "orders.orderandproduct",
    "pk": 11,
    "fields": {
      "order": 6,
      "product": 14,
      "total_quantity": 1,
      "total_price": "82.99"
    }
  },
  {
    "model": "orders.order",
    "pk": 1,
    "fields": {
      "created_by": 3,
      "receiver_fullname": "Alex",
      "receiver_email": "alexbest@mail.ru",
      "receiver_phone": "+78887774411",
      "products_cost": "2581.99",
      "delivery_cost": "500.00",
      "total_cost": "3081.99",
      "created_at": "2024-10-08T16:50:32.065Z",
      "city": "Moscow",
      "address": "Kremlin",
      "is_active": true,
      "delivery_type": 2,
      "payment_type": 1,
      "payment_comment": "Invalid payments details",
      "status": 4
    }
  },
  {
    "model": "orders.order",
    "pk": 2,
    "fields": {
      "created_by": 3,
      "receiver_fullname": "Alex",
      "receiver_email": "alexbest@mail.ru",
      "receiver_phone": "+78887774411",
      "products_cost": "199.99",
      "delivery_cost": "300.00",
      "total_cost": "499.99",
      "created_at": "2024-10-08T16:53:54.769Z",
      "city": "Saint Petersburg",
      "address": "Nevsky prospekt, 69",
      "is_active": true,
      "delivery_type": 1,
      "payment_type": 2,
      "payment_comment": null,
      "status": 5
    }
  },
  {
    "model": "orders.order",
    "pk": 3,
    "fields": {
      "created_by": 3,
      "receiver_fullname": "Alex",
      "receiver_email": "alexbest@mail.ru",
      "receiver_phone": "+78887774411",
      "products_cost": "4079.97",
      "delivery_cost": "0.00",
      "total_cost": "4079.97",
      "created_at": "2024-10-08T17:03:45.664Z",
      "city": "Saint Petersburg",
      "address": "Nevsky pr., 69",
      "is_active": true,
      "delivery_type": 1,
      "payment_type": 1,
      "payment_comment": null,
      "status": 2
    }
  },
  {
    "model": "orders.order",
    "pk": 4,
    "fields": {
      "created_by": 2,
      "receiver_fullname": "John Smit",
      "receiver_email": "smit@mail.ru",
      "receiver_phone": "+19212223344",
      "products_cost": "1769.00",
      "delivery_cost": "300.00",
      "total_cost": "2069.00",
      "created_at": "2024-10-08T17:06:18.652Z",
      "city": "Moscow",
      "address": "New Arbat Ave, 7",
      "is_active": true,
      "delivery_type": 1,
      "payment_type": 1,
      "payment_comment": "Not enough money on the card!",
      "status": 4
    }
  },
  {
    "model": "orders.order",
    "pk": 5,
    "fields": {
      "created_by": 2,
      "receiver_fullname": "John Smit",
      "receiver_email": "smit@mail.ru",
      "receiver_phone": "+19212223344",
      "products_cost": "3999.00",
      "delivery_cost": "0.00",
      "total_cost": "3999.00",
      "created_at": "2024-10-08T17:08:16.392Z",
      "city": "Moscow",
      "address": "New Arbat Ave, 7",
      "is_active": true,
      "delivery_type": 1,
      "payment_type": 2,
      "payment_comment": null,
      "status": 5
    }
  },
  {
    "model": "orders.order",
    "pk": 6,
    "fields": {
      "created_by": 2,
      "receiver_fullname": null,
      "receiver_email": null,
      "receiver_phone": null,
      "products_cost": "82.99",
      "delivery_cost": null,
      "total_cost": "82.99",
      "created_at": "2024-10-08T17:09:00.432Z",
      "city": null,
      "address": null,
      "is_active": true,
      "delivery_type": null,
      "payment_type": null,
      "payment_comment": null,
      "status": 1
    }
  },
  {
    "model": "orders.orderstatus",
    "pk": 1,
    "fields": {
      "name": "created"
    }
  },
  {
    "model": "orders.orderstatus",
    "pk": 2,
    "fields": {
      "name": "confirmed"
    }
  },
  {
    "model": "orders.orderstatus",
    "pk": 3,
    "fields": {
      "name": "payment in progress"
    }
  },
  {
    "model": "orders.orderstatus",
    "pk": 4,
    "fields": {
      "name": "payment rejected"
    }
  },
  {
    "model": "orders.orderstatus",
    "pk": 5,
    "fields": {
      "name": "payed"
    }
  },
  {
    "model": "orders.paymenttype",
    "pk": 1,
    "fields": {
      "name": "online"
    }
  },
  {
    "model": "orders.paymenttype",
    "pk": 2,
    "fields": {
      "name": "someone"
    }
  }
]