[
  {
    "model": "admin.logentry",
    "pk": 1,
    "fields": {
      "action_time": "2024-09-06T16:30:28.910Z",
      "user": 1,
      "content_type": 16,
      "object_id": "1",
      "object_repr": "Product tag name: best sales",
      "action_flag": 1,
      "change_message": "[{\"added\": {}}]"
    }
  },
  {
    "model": "admin.logentry",
    "pk": 2,
    "fields": {
      "action_time": "2024-09-06T16:30:57.808Z",
      "user": 1,
      "content_type": 10,
      "object_id": "1",
      "object_repr": "Category id: 1 title: Elictronics",
      "action_flag": 1,
      "change_message": "[{\"added\": {}}]"
    }
  },
  {
    "model": "admin.logentry",
    "pk": 3,
    "fields": {
      "action_time": "2024-09-06T16:31:16.581Z",
      "user": 1,
      "content_type": 10,
      "object_id": "1",
      "object_repr": "Category id: 1 title: Elictronics",
      "action_flag": 2,
      "change_message": "[{\"added\": {\"name\": \"Category: full details\", \"object\": \"Category id: 2 title: laptops\"}}]"
    }
  },
  {
    "model": "admin.logentry",
    "pk": 4,
    "fields": {
      "action_time": "2024-09-06T16:31:26.504Z",
      "user": 1,
      "content_type": 10,
      "object_id": "2",
      "object_repr": "Category id: 2 title: laptops",
      "action_flag": 2,
      "change_message": "[{\"added\": {\"name\": \"Category: full details\", \"object\": \"Category id: 3 title: net books\"}}]"
    }
  },
  {
    "model": "admin.logentry",
    "pk": 5,
    "fields": {
      "action_time": "2024-09-06T16:35:59.229Z",
      "user": 1,
      "content_type": 9,
      "object_id": "1",
      "object_repr": "CategoryImage id: 1",
      "action_flag": 1,
      "change_message": "[{\"added\": {}}]"
    }
  },
  {
    "model": "admin.logentry",
    "pk": 6,
    "fields": {
      "action_time": "2024-09-06T16:37:40.608Z",
      "user": 1,
      "content_type": 10,
      "object_id": "1",
      "object_repr": "Category id: 1 title: Elictronics",
      "action_flag": 2,
      "change_message": "[{\"changed\": {\"fields\": [\"Image\"]}}]"
    }
  },
  {
    "model": "admin.logentry",
    "pk": 7,
    "fields": {
      "action_time": "2024-09-06T16:39:51.034Z",
      "user": 1,
      "content_type": 9,
      "object_id": "2",
      "object_repr": "CategoryImage id: 2",
      "action_flag": 1,
      "change_message": "[{\"added\": {}}]"
    }
  },
  {
    "model": "admin.logentry",
    "pk": 8,
    "fields": {
      "action_time": "2024-09-06T16:45:58.855Z",
      "user": 1,
      "content_type": 10,
      "object_id": "1",
      "object_repr": "Category id: 1 title: Elictronics",
      "action_flag": 2,
      "change_message": "[{\"changed\": {\"name\": \"Category: full details\", \"object\": \"Category id: 2 title: laptops\", \"fields\": [\"Image\"]}}]"
    }
  },
  {
    "model": "admin.logentry",
    "pk": 9,
    "fields": {
      "action_time": "2024-09-06T16:59:28.725Z",
      "user": 1,
      "content_type": 11,
      "object_id": "1",
      "object_repr": "Product id: 1 title: LAPTOP MSI KATANA GF 76",
      "action_flag": 1,
      "change_message": "[{\"added\": {}}, {\"added\": {\"name\": \"Product: image\", \"object\": \"Image url: /media/products/product_1/images/msi_katana.jpeg for product: LAPTOP MSI KATANA GF 76\"}}, {\"added\": {\"name\": \"product and tag\", \"object\": \"ProductAndTag object (1)\"}}]"
    }
  },
  {
    "model": "admin.logentry",
    "pk": 10,
    "fields": {
      "action_time": "2024-09-06T17:02:19.040Z",
      "user": 1,
      "content_type": 15,
      "object_id": "1",
      "object_repr": "Product specification name: size value: xl, l m, s",
      "action_flag": 1,
      "change_message": "[{\"added\": {}}]"
    }
  },
  {
    "model": "admin.logentry",
    "pk": 11,
    "fields": {
      "action_time": "2024-09-06T17:02:34.372Z",
      "user": 1,
      "content_type": 15,
      "object_id": "2",
      "object_repr": "Product specification name: size value: xxl",
      "action_flag": 1,
      "change_message": "[{\"added\": {}}]"
    }
  },
  {
    "model": "admin.logentry",
    "pk": 12,
    "fields": {
      "action_time": "2024-09-06T17:03:03.264Z",
      "user": 1,
      "content_type": 15,
      "object_id": "3",
      "object_repr": "Product specification name: SSD value: 512",
      "action_flag": 1,
      "change_message": "[{\"added\": {}}]"
    }
  },
  {
    "model": "admin.logentry",
    "pk": 13,
    "fields": {
      "action_time": "2024-09-06T17:03:13.419Z",
      "user": 1,
      "content_type": 15,
      "object_id": "4",
      "object_repr": "Product specification name: SSD value: 1T",
      "action_flag": 1,
      "change_message": "[{\"added\": {}}]"
    }
  },
  {
    "model": "admin.logentry",
    "pk": 14,
    "fields": {
      "action_time": "2024-09-06T17:03:36.514Z",
      "user": 1,
      "content_type": 11,
      "object_id": "1",
      "object_repr": "Product id: 1 title: LAPTOP MSI KATANA GF 76",
      "action_flag": 2,
      "change_message": "[{\"added\": {\"name\": \"product and specification\", \"object\": \"ProductAndSpecification object (1)\"}}, {\"added\": {\"name\": \"product and specification\", \"object\": \"ProductAndSpecification object (2)\"}}]"
    }
  },
  {
    "model": "admin.logentry",
    "pk": 15,
    "fields": {
      "action_time": "2024-09-08T13:40:05.635Z",
      "user": 1,
      "content_type": 10,
      "object_id": "1",
      "object_repr": "Category id: 1 title: Elictronics",
      "action_flag": 2,
      "change_message": "[{\"added\": {\"name\": \"Category: full details\", \"object\": \"Category id: 4 title: phones\"}}]"
    }
  },
  {
    "model": "admin.logentry",
    "pk": 16,
    "fields": {
      "action_time": "2024-09-08T13:40:44.338Z",
      "user": 1,
      "content_type": 10,
      "object_id": "5",
      "object_repr": "Category id: 5 title: Accessories",
      "action_flag": 1,
      "change_message": "[{\"added\": {}}]"
    }
  },
  {
    "model": "admin.logentry",
    "pk": 17,
    "fields": {
      "action_time": "2024-09-08T13:41:02.378Z",
      "user": 1,
      "content_type": 10,
      "object_id": "1",
      "object_repr": "Category id: 1 title: Elictronics",
      "action_flag": 2,
      "change_message": "[{\"added\": {\"name\": \"Category: full details\", \"object\": \"Category id: 6 title: pc\"}}]"
    }
  },
  {
    "model": "admin.logentry",
    "pk": 18,
    "fields": {
      "action_time": "2024-09-08T15:43:13.982Z",
      "user": 1,
      "content_type": 11,
      "object_id": "1",
      "object_repr": "Product id: 1 title: LAPTOP MSI KATANA GF 76",
      "action_flag": 2,
      "change_message": "[]"
    }
  },
  {
    "model": "admin.logentry",
    "pk": 19,
    "fields": {
      "action_time": "2024-09-08T15:44:17.831Z",
      "user": 1,
      "content_type": 11,
      "object_id": "2",
      "object_repr": "Product id: 2 title: Huawei mate 50",
      "action_flag": 1,
      "change_message": "[{\"added\": {}}]"
    }
  },
  {
    "model": "admin.logentry",
    "pk": 20,
    "fields": {
      "action_time": "2024-09-08T15:45:58.238Z",
      "user": 1,
      "content_type": 11,
      "object_id": "3",
      "object_repr": "Product id: 3 title: Case for Huawei Mate 50",
      "action_flag": 1,
      "change_message": "[{\"added\": {}}]"
    }
  },
  {
    "model": "admin.logentry",
    "pk": 21,
    "fields": {
      "action_time": "2024-09-08T16:21:54.426Z",
      "user": 1,
      "content_type": 11,
      "object_id": "1",
      "object_repr": "Product id: 1 title: LAPTOP MSI KATANA GF 76",
      "action_flag": 2,
      "change_message": "[{\"changed\": {\"fields\": [\"Sorting index\"]}}]"
    }
  },
  {
    "model": "admin.logentry",
    "pk": 22,
    "fields": {
      "action_time": "2024-09-08T16:29:58.028Z",
      "user": 1,
      "content_type": 11,
      "object_id": "1",
      "object_repr": "Product id: 1 title: LAPTOP MSI KATANA GF 76",
      "action_flag": 2,
      "change_message": "[]"
    }
  },
  {
    "model": "admin.logentry",
    "pk": 23,
    "fields": {
      "action_time": "2024-09-08T17:59:35.934Z",
      "user": 1,
      "content_type": 11,
      "object_id": "1",
      "object_repr": "Product id: 1 title: LAPTOP MSI KATANA GF 76",
      "action_flag": 2,
      "change_message": "[{\"changed\": {\"fields\": [\"Is limited\"]}}]"
    }
  },
  {
    "model": "admin.logentry",
    "pk": 24,
    "fields": {
      "action_time": "2024-09-08T18:03:12.339Z",
      "user": 1,
      "content_type": 11,
      "object_id": "2",
      "object_repr": "Product id: 2 title: Huawei mate 50",
      "action_flag": 2,
      "change_message": "[{\"changed\": {\"fields\": [\"Is limited\"]}}]"
    }
  },
  {
    "model": "admin.logentry",
    "pk": 25,
    "fields": {
      "action_time": "2024-09-08T19:20:07.807Z",
      "user": 1,
      "content_type": 11,
      "object_id": "1",
      "object_repr": "Product id: 1 title: LAPTOP MSI KATANA GF 76",
      "action_flag": 2,
      "change_message": "[{\"changed\": {\"fields\": [\"Full description\"]}}]"
    }
  },
  {
    "model": "admin.logentry",
    "pk": 26,
    "fields": {
      "action_time": "2024-09-08T19:23:47.837Z",
      "user": 1,
      "content_type": 11,
      "object_id": "1",
      "object_repr": "Product id: 1 title: LAPTOP MSI KATANA GF 76",
      "action_flag": 2,
      "change_message": "[{\"added\": {\"name\": \"Product: image\", \"object\": \"Image url: /media/products/product_1/images/2.jpg for product: LAPTOP MSI KATANA GF 76\"}}]"
    }
  },
  {
    "model": "admin.logentry",
    "pk": 27,
    "fields": {
      "action_time": "2024-09-09T07:55:43.142Z",
      "user": 1,
      "content_type": 14,
      "object_id": "2",
      "object_repr": "Image url: /media/products/product_1/images/2.jpg for product: LAPTOP MSI KATANA GF 76",
      "action_flag": 3,
      "change_message": ""
    }
  },
  {
    "model": "admin.logentry",
    "pk": 28,
    "fields": {
      "action_time": "2024-09-09T07:58:24.476Z",
      "user": 1,
      "content_type": 11,
      "object_id": "1",
      "object_repr": "Product id: 1 title: LAPTOP MSI KATANA GF 76",
      "action_flag": 2,
      "change_message": "[{\"added\": {\"name\": \"Product: image\", \"object\": \"Image url: /media/products/product_1/images/laptop1.webp for product: LAPTOP MSI KATANA GF 76\"}}]"
    }
  },
  {
    "model": "admin.logentry",
    "pk": 29,
    "fields": {
      "action_time": "2024-09-09T07:58:42.356Z",
      "user": 1,
      "content_type": 11,
      "object_id": "2",
      "object_repr": "Product id: 2 title: Huawei mate 50",
      "action_flag": 2,
      "change_message": "[{\"added\": {\"name\": \"Product: image\", \"object\": \"Image url: /media/products/product_2/images/huawei.jpg for product: Huawei mate 50\"}}]"
    }
  },
  {
    "model": "admin.logentry",
    "pk": 30,
    "fields": {
      "action_time": "2024-09-09T07:59:07.035Z",
      "user": 1,
      "content_type": 16,
      "object_id": "2",
      "object_repr": "Product tag name: HUAWEI",
      "action_flag": 1,
      "change_message": "[{\"added\": {}}]"
    }
  },
  {
    "model": "admin.logentry",
    "pk": 31,
    "fields": {
      "action_time": "2024-09-09T07:59:57.730Z",
      "user": 1,
      "content_type": 15,
      "object_id": "5",
      "object_repr": "Product specification name: Display value: OLED",
      "action_flag": 1,
      "change_message": "[{\"added\": {}}]"
    }
  },
  {
    "model": "admin.logentry",
    "pk": 32,
    "fields": {
      "action_time": "2024-09-09T08:00:22.791Z",
      "user": 1,
      "content_type": 11,
      "object_id": "2",
      "object_repr": "Product id: 2 title: Huawei mate 50",
      "action_flag": 2,
      "change_message": "[{\"added\": {\"name\": \"product and tag\", \"object\": \"ProductAndTag object (2)\"}}, {\"added\": {\"name\": \"product and tag\", \"object\": \"ProductAndTag object (3)\"}}, {\"added\": {\"name\": \"product and specification\", \"object\": \"ProductAndSpecification object (3)\"}}, {\"added\": {\"name\": \"product and specification\", \"object\": \"ProductAndSpecification object (4)\"}}]"
    }
  },
  {
    "model": "admin.logentry",
    "pk": 33,
    "fields": {
      "action_time": "2024-09-09T08:02:14.958Z",
      "user": 1,
      "content_type": 16,
      "object_id": "3",
      "object_repr": "Product tag name: SAMSUNG",
      "action_flag": 1,
      "change_message": "[{\"added\": {}}]"
    }
  },
  {
    "model": "admin.logentry",
    "pk": 34,
    "fields": {
      "action_time": "2024-09-09T08:03:01.455Z",
      "user": 1,
      "content_type": 15,
      "object_id": "6",
      "object_repr": "Product specification name: Screen value: Touch Screen",
      "action_flag": 1,
      "change_message": "[{\"added\": {}}]"
    }
  },
  {
    "model": "admin.logentry",
    "pk": 35,
    "fields": {
      "action_time": "2024-09-09T08:03:03.080Z",
      "user": 1,
      "content_type": 11,
      "object_id": "4",
      "object_repr": "Product id: 4 title: Samsung S23",
      "action_flag": 1,
      "change_message": "[{\"added\": {}}, {\"added\": {\"name\": \"Product: image\", \"object\": \"Image url: /media/products/product_4/images/samsung_s23.jpg for product: Samsung S23\"}}, {\"added\": {\"name\": \"product and tag\", \"object\": \"ProductAndTag object (4)\"}}, {\"added\": {\"name\": \"product and tag\", \"object\": \"ProductAndTag object (5)\"}}, {\"added\": {\"name\": \"product and specification\", \"object\": \"ProductAndSpecification object (5)\"}}, {\"added\": {\"name\": \"product and specification\", \"object\": \"ProductAndSpecification object (6)\"}}, {\"added\": {\"name\": \"product and specification\", \"object\": \"ProductAndSpecification object (7)\"}}]"
    }
  },
  {
    "model": "admin.logentry",
    "pk": 36,
    "fields": {
      "action_time": "2024-09-09T08:03:25.743Z",
      "user": 1,
      "content_type": 11,
      "object_id": "1",
      "object_repr": "Product id: 1 title: LAPTOP MSI KATANA GF 76",
      "action_flag": 2,
      "change_message": "[{\"changed\": {\"fields\": [\"Price\"]}}]"
    }
  },
  {
    "model": "admin.logentry",
    "pk": 37,
    "fields": {
      "action_time": "2024-09-09T08:03:40.878Z",
      "user": 1,
      "content_type": 11,
      "object_id": "2",
      "object_repr": "Product id: 2 title: Huawei mate 50",
      "action_flag": 2,
      "change_message": "[{\"changed\": {\"fields\": [\"Price\"]}}]"
    }
  },
  {
    "model": "admin.logentry",
    "pk": 38,
    "fields": {
      "action_time": "2024-09-09T08:03:49.880Z",
      "user": 1,
      "content_type": 11,
      "object_id": "3",
      "object_repr": "Product id: 3 title: Case for Huawei Mate 50",
      "action_flag": 2,
      "change_message": "[{\"changed\": {\"fields\": [\"Price\"]}}]"
    }
  },
  {
    "model": "admin.logentry",
    "pk": 39,
    "fields": {
      "action_time": "2024-09-09T08:08:26.114Z",
      "user": 1,
      "content_type": 17,
      "object_id": "1",
      "object_repr": "Product review: 1 for product: LAPTOP MSI KATANA GF 76",
      "action_flag": 1,
      "change_message": "[{\"added\": {}}]"
    }
  },
  {
    "model": "admin.logentry",
    "pk": 40,
    "fields": {
      "action_time": "2024-09-09T08:09:23.096Z",
      "user": 1,
      "content_type": 17,
      "object_id": "2",
      "object_repr": "Product review: 2 for product: LAPTOP MSI KATANA GF 76",
      "action_flag": 1,
      "change_message": "[{\"added\": {}}]"
    }
  },
  {
    "model": "admin.logentry",
    "pk": 41,
    "fields": {
      "action_time": "2024-09-09T08:09:55.188Z",
      "user": 1,
      "content_type": 17,
      "object_id": "3",
      "object_repr": "Product review: 3 for product: Case for Huawei Mate 50",
      "action_flag": 1,
      "change_message": "[{\"added\": {}}]"
    }
  },
  {
    "model": "admin.logentry",
    "pk": 42,
    "fields": {
      "action_time": "2024-09-09T08:10:29.787Z",
      "user": 1,
      "content_type": 17,
      "object_id": "4",
      "object_repr": "Product review: 4 for product: Case for Huawei Mate 50",
      "action_flag": 1,
      "change_message": "[{\"added\": {}}]"
    }
  },
  {
    "model": "admin.logentry",
    "pk": 43,
    "fields": {
      "action_time": "2024-09-09T08:12:39.971Z",
      "user": 1,
      "content_type": 17,
      "object_id": "4",
      "object_repr": "Product review: 4 for product: Case for Huawei Mate 50",
      "action_flag": 2,
      "change_message": "[{\"changed\": {\"fields\": [\"Email\"]}}]"
    }
  },
  {
    "model": "admin.logentry",
    "pk": 44,
    "fields": {
      "action_time": "2024-09-10T10:03:39.827Z",
      "user": 1,
      "content_type": 9,
      "object_id": "1",
      "object_repr": "CategoryImage id: 1",
      "action_flag": 3,
      "change_message": ""
    }
  },
  {
    "model": "admin.logentry",
    "pk": 45,
    "fields": {
      "action_time": "2024-09-10T10:03:39.827Z",
      "user": 1,
      "content_type": 9,
      "object_id": "2",
      "object_repr": "CategoryImage id: 2",
      "action_flag": 3,
      "change_message": ""
    }
  },
  {
    "model": "admin.logentry",
    "pk": 46,
    "fields": {
      "action_time": "2024-09-10T10:04:47.392Z",
      "user": 1,
      "content_type": 9,
      "object_id": "3",
      "object_repr": "CategoryImage id: 3",
      "action_flag": 1,
      "change_message": "[{\"added\": {}}]"
    }
  },
  {
    "model": "admin.logentry",
    "pk": 47,
    "fields": {
      "action_time": "2024-09-10T10:04:53.679Z",
      "user": 1,
      "content_type": 10,
      "object_id": "7",
      "object_repr": "Category id: 7 title: Electronics",
      "action_flag": 1,
      "change_message": "[{\"added\": {}}]"
    }
  },
  {
    "model": "admin.logentry",
    "pk": 48,
    "fields": {
      "action_time": "2024-09-10T10:13:24.780Z",
      "user": 1,
      "content_type": 10,
      "object_id": "3",
      "object_repr": "Category id: 3 title: net books",
      "action_flag": 2,
      "change_message": "[{\"changed\": {\"fields\": [\"Parent\"]}}]"
    }
  },
  {
    "model": "admin.logentry",
    "pk": 49,
    "fields": {
      "action_time": "2024-09-10T10:14:28.007Z",
      "user": 1,
      "content_type": 10,
      "object_id": "4",
      "object_repr": "Category id: 4 title: phones",
      "action_flag": 2,
      "change_message": "[{\"changed\": {\"fields\": [\"Parent\"]}}]"
    }
  },
  {
    "model": "admin.logentry",
    "pk": 50,
    "fields": {
      "action_time": "2024-09-10T10:14:35.192Z",
      "user": 1,
      "content_type": 10,
      "object_id": "6",
      "object_repr": "Category id: 6 title: pc",
      "action_flag": 2,
      "change_message": "[{\"changed\": {\"fields\": [\"Parent\"]}}]"
    }
  },
  {
    "model": "admin.logentry",
    "pk": 51,
    "fields": {
      "action_time": "2024-09-10T10:22:06.486Z",
      "user": 1,
      "content_type": 9,
      "object_id": "4",
      "object_repr": "CategoryImage id: 4",
      "action_flag": 1,
      "change_message": "[{\"added\": {}}]"
    }
  },
  {
    "model": "admin.logentry",
    "pk": 52,
    "fields": {
      "action_time": "2024-09-10T10:23:45.072Z",
      "user": 1,
      "content_type": 10,
      "object_id": "3",
      "object_repr": "Category id: 3 title: net books",
      "action_flag": 2,
      "change_message": "[{\"changed\": {\"fields\": [\"Image\"]}}]"
    }
  },
  {
    "model": "admin.logentry",
    "pk": 53,
    "fields": {
      "action_time": "2024-09-10T10:25:21.486Z",
      "user": 1,
      "content_type": 9,
      "object_id": "3",
      "object_repr": "CategoryImage id: 3",
      "action_flag": 3,
      "change_message": ""
    }
  },
  {
    "model": "admin.logentry",
    "pk": 54,
    "fields": {
      "action_time": "2024-09-10T10:25:24.335Z",
      "user": 1,
      "content_type": 10,
      "object_id": "7",
      "object_repr": "Category id: 7 title: Electronics",
      "action_flag": 2,
      "change_message": "[]"
    }
  },
  {
    "model": "admin.logentry",
    "pk": 55,
    "fields": {
      "action_time": "2024-09-10T10:25:35.650Z",
      "user": 1,
      "content_type": 9,
      "object_id": "5",
      "object_repr": "CategoryImage id: 5",
      "action_flag": 1,
      "change_message": "[{\"added\": {}}]"
    }
  },
  {
    "model": "admin.logentry",
    "pk": 56,
    "fields": {
      "action_time": "2024-09-10T10:25:38.656Z",
      "user": 1,
      "content_type": 10,
      "object_id": "7",
      "object_repr": "Category id: 7 title: Electronics",
      "action_flag": 2,
      "change_message": "[{\"changed\": {\"fields\": [\"Image\"]}}]"
    }
  },
  {
    "model": "admin.logentry",
    "pk": 57,
    "fields": {
      "action_time": "2024-09-10T10:35:57.038Z",
      "user": 1,
      "content_type": 11,
      "object_id": "1",
      "object_repr": "Product id: 1 title: LAPTOP MSI KATANA GF 76",
      "action_flag": 2,
      "change_message": "[{\"changed\": {\"fields\": [\"Category\"]}}]"
    }
  },
  {
    "model": "admin.logentry",
    "pk": 58,
    "fields": {
      "action_time": "2024-09-10T10:36:01.278Z",
      "user": 1,
      "content_type": 11,
      "object_id": "4",
      "object_repr": "Product id: 4 title: Samsung S23",
      "action_flag": 2,
      "change_message": "[]"
    }
  },
  {
    "model": "admin.logentry",
    "pk": 59,
    "fields": {
      "action_time": "2024-09-10T10:36:06.038Z",
      "user": 1,
      "content_type": 11,
      "object_id": "2",
      "object_repr": "Product id: 2 title: Huawei mate 50",
      "action_flag": 2,
      "change_message": "[]"
    }
  },
  {
    "model": "admin.logentry",
    "pk": 60,
    "fields": {
      "action_time": "2024-09-10T10:36:10.846Z",
      "user": 1,
      "content_type": 11,
      "object_id": "3",
      "object_repr": "Product id: 3 title: Case for Huawei Mate 50",
      "action_flag": 2,
      "change_message": "[]"
    }
  },
  {
    "model": "admin.logentry",
    "pk": 61,
    "fields": {
      "action_time": "2024-09-10T10:50:53.726Z",
      "user": 1,
      "content_type": 10,
      "object_id": "3",
      "object_repr": "Category id: 3 title: Laptops",
      "action_flag": 2,
      "change_message": "[{\"changed\": {\"fields\": [\"Title\"]}}]"
    }
  },
  {
    "model": "admin.logentry",
    "pk": 62,
    "fields": {
      "action_time": "2024-09-10T10:50:59.411Z",
      "user": 1,
      "content_type": 11,
      "object_id": "1",
      "object_repr": "Product id: 1 title: LAPTOP MSI KATANA GF 76",
      "action_flag": 2,
      "change_message": "[{\"changed\": {\"fields\": [\"Category\"]}}]"
    }
  },
  {
    "model": "admin.logentry",
    "pk": 63,
    "fields": {
      "action_time": "2024-09-11T08:32:54.532Z",
      "user": 1,
      "content_type": 10,
      "object_id": "7",
      "object_repr": "Category id: 7 title: Electronics",
      "action_flag": 2,
      "change_message": "[{\"added\": {\"name\": \"Category: full details\", \"object\": \"Category id: 8 title: sum\"}}]"
    }
  },
  {
    "model": "admin.logentry",
    "pk": 64,
    "fields": {
      "action_time": "2024-09-11T08:33:04.280Z",
      "user": 1,
      "content_type": 10,
      "object_id": "8",
      "object_repr": "Category id: 8 title: aaa",
      "action_flag": 2,
      "change_message": "[{\"changed\": {\"fields\": [\"Title\"]}}]"
    }
  },
  {
    "model": "admin.logentry",
    "pk": 65,
    "fields": {
      "action_time": "2024-09-13T11:01:00.301Z",
      "user": 1,
      "content_type": 11,
      "object_id": "3",
      "object_repr": "Product id: 3 title: Case for Huawei Mate 50",
      "action_flag": 2,
      "change_message": "[{\"changed\": {\"fields\": [\"Count\", \"Free delivery\"]}}]"
    }
  },
  {
    "model": "admin.logentry",
    "pk": 66,
    "fields": {
      "action_time": "2024-09-13T11:09:03.111Z",
      "user": 1,
      "content_type": 11,
      "object_id": "3",
      "object_repr": "Product id: 3 title: Case for Huawei Mate 50",
      "action_flag": 2,
      "change_message": "[{\"changed\": {\"fields\": [\"Count\"]}}]"
    }
  },
  {
    "model": "admin.logentry",
    "pk": 67,
    "fields": {
      "action_time": "2024-09-13T11:10:40.373Z",
      "user": 1,
      "content_type": 11,
      "object_id": "3",
      "object_repr": "Product id: 3 title: Case for Huawei Mate 50",
      "action_flag": 2,
      "change_message": "[{\"changed\": {\"fields\": [\"Free delivery\"]}}]"
    }
  },
  {
    "model": "admin.logentry",
    "pk": 68,
    "fields": {
      "action_time": "2024-09-13T11:11:33.662Z",
      "user": 1,
      "content_type": 11,
      "object_id": "3",
      "object_repr": "Product id: 3 title: Case for Huawei Mate 50",
      "action_flag": 2,
      "change_message": "[{\"added\": {\"name\": \"product and tag\", \"object\": \"ProductAndTag object (6)\"}}]"
    }
  },
  {
    "model": "admin.logentry",
    "pk": 69,
    "fields": {
      "action_time": "2024-09-13T11:12:47.166Z",
      "user": 1,
      "content_type": 11,
      "object_id": "3",
      "object_repr": "Product id: 3 title: Case for Huawei Mate 50",
      "action_flag": 2,
      "change_message": "[{\"added\": {\"name\": \"Product: image\", \"object\": \"Image url: /media/products/product_3/images/1.jpg for product: Case for Huawei Mate 50\"}}]"
    }
  },
  {
    "model": "admin.logentry",
    "pk": 70,
    "fields": {
      "action_time": "2024-09-13T11:13:16.594Z",
      "user": 1,
      "content_type": 11,
      "object_id": "3",
      "object_repr": "Product id: 3 title: Case for Huawei Mate 50",
      "action_flag": 2,
      "change_message": "[{\"deleted\": {\"name\": \"product and tag\", \"object\": \"ProductAndTag object (None)\"}}]"
    }
  },
  {
    "model": "admin.logentry",
    "pk": 71,
    "fields": {
      "action_time": "2024-09-13T11:14:13.526Z",
      "user": 1,
      "content_type": 11,
      "object_id": "3",
      "object_repr": "Product id: 3 title: Case for Huawei Mate 50",
      "action_flag": 2,
      "change_message": "[{\"deleted\": {\"name\": \"Product: image\", \"object\": \"Image url: /media/products/product_3/images/1.jpg for product: Case for Huawei Mate 50\"}}]"
    }
  },
  {
    "model": "admin.logentry",
    "pk": 72,
    "fields": {
      "action_time": "2024-09-13T13:58:07.605Z",
      "user": 1,
      "content_type": 11,
      "object_id": "5",
      "object_repr": "Product id: 5 title: fpaible dilivery",
      "action_flag": 1,
      "change_message": "[{\"added\": {}}]"
    }
  },
  {
    "model": "admin.logentry",
    "pk": 73,
    "fields": {
      "action_time": "2024-09-13T13:58:52.824Z",
      "user": 1,
      "content_type": 11,
      "object_id": "6",
      "object_repr": "Product id: 6 title: not available and payble dilivery",
      "action_flag": 1,
      "change_message": "[{\"added\": {}}]"
    }
  },
  {
    "model": "admin.logentry",
    "pk": 74,
    "fields": {
      "action_time": "2024-09-13T14:00:40.596Z",
      "user": 1,
      "content_type": 11,
      "object_id": "5",
      "object_repr": "Product id: 5 title: fpaible dilivery",
      "action_flag": 2,
      "change_message": "[]"
    }
  },
  {
    "model": "auth.permission",
    "pk": 1,
    "fields": {
      "name": "Can add log entry",
      "content_type": 1,
      "codename": "add_logentry"
    }
  },
  {
    "model": "auth.permission",
    "pk": 2,
    "fields": {
      "name": "Can change log entry",
      "content_type": 1,
      "codename": "change_logentry"
    }
  },
  {
    "model": "auth.permission",
    "pk": 3,
    "fields": {
      "name": "Can delete log entry",
      "content_type": 1,
      "codename": "delete_logentry"
    }
  },
  {
    "model": "auth.permission",
    "pk": 4,
    "fields": {
      "name": "Can view log entry",
      "content_type": 1,
      "codename": "view_logentry"
    }
  },
  {
    "model": "auth.permission",
    "pk": 5,
    "fields": {
      "name": "Can add permission",
      "content_type": 2,
      "codename": "add_permission"
    }
  },
  {
    "model": "auth.permission",
    "pk": 6,
    "fields": {
      "name": "Can change permission",
      "content_type": 2,
      "codename": "change_permission"
    }
  },
  {
    "model": "auth.permission",
    "pk": 7,
    "fields": {
      "name": "Can delete permission",
      "content_type": 2,
      "codename": "delete_permission"
    }
  },
  {
    "model": "auth.permission",
    "pk": 8,
    "fields": {
      "name": "Can view permission",
      "content_type": 2,
      "codename": "view_permission"
    }
  },
  {
    "model": "auth.permission",
    "pk": 9,
    "fields": {
      "name": "Can add group",
      "content_type": 3,
      "codename": "add_group"
    }
  },
  {
    "model": "auth.permission",
    "pk": 10,
    "fields": {
      "name": "Can change group",
      "content_type": 3,
      "codename": "change_group"
    }
  },
  {
    "model": "auth.permission",
    "pk": 11,
    "fields": {
      "name": "Can delete group",
      "content_type": 3,
      "codename": "delete_group"
    }
  },
  {
    "model": "auth.permission",
    "pk": 12,
    "fields": {
      "name": "Can view group",
      "content_type": 3,
      "codename": "view_group"
    }
  },
  {
    "model": "auth.permission",
    "pk": 13,
    "fields": {
      "name": "Can add user",
      "content_type": 4,
      "codename": "add_user"
    }
  },
  {
    "model": "auth.permission",
    "pk": 14,
    "fields": {
      "name": "Can change user",
      "content_type": 4,
      "codename": "change_user"
    }
  },
  {
    "model": "auth.permission",
    "pk": 15,
    "fields": {
      "name": "Can delete user",
      "content_type": 4,
      "codename": "delete_user"
    }
  },
  {
    "model": "auth.permission",
    "pk": 16,
    "fields": {
      "name": "Can view user",
      "content_type": 4,
      "codename": "view_user"
    }
  },
  {
    "model": "auth.permission",
    "pk": 17,
    "fields": {
      "name": "Can add content type",
      "content_type": 5,
      "codename": "add_contenttype"
    }
  },
  {
    "model": "auth.permission",
    "pk": 18,
    "fields": {
      "name": "Can change content type",
      "content_type": 5,
      "codename": "change_contenttype"
    }
  },
  {
    "model": "auth.permission",
    "pk": 19,
    "fields": {
      "name": "Can delete content type",
      "content_type": 5,
      "codename": "delete_contenttype"
    }
  },
  {
    "model": "auth.permission",
    "pk": 20,
    "fields": {
      "name": "Can view content type",
      "content_type": 5,
      "codename": "view_contenttype"
    }
  },
  {
    "model": "auth.permission",
    "pk": 21,
    "fields": {
      "name": "Can add session",
      "content_type": 6,
      "codename": "add_session"
    }
  },
  {
    "model": "auth.permission",
    "pk": 22,
    "fields": {
      "name": "Can change session",
      "content_type": 6,
      "codename": "change_session"
    }
  },
  {
    "model": "auth.permission",
    "pk": 23,
    "fields": {
      "name": "Can delete session",
      "content_type": 6,
      "codename": "delete_session"
    }
  },
  {
    "model": "auth.permission",
    "pk": 24,
    "fields": {
      "name": "Can view session",
      "content_type": 6,
      "codename": "view_session"
    }
  },
  {
    "model": "auth.permission",
    "pk": 25,
    "fields": {
      "name": "Can add profile",
      "content_type": 7,
      "codename": "add_profile"
    }
  },
  {
    "model": "auth.permission",
    "pk": 26,
    "fields": {
      "name": "Can change profile",
      "content_type": 7,
      "codename": "change_profile"
    }
  },
  {
    "model": "auth.permission",
    "pk": 27,
    "fields": {
      "name": "Can delete profile",
      "content_type": 7,
      "codename": "delete_profile"
    }
  },
  {
    "model": "auth.permission",
    "pk": 28,
    "fields": {
      "name": "Can view profile",
      "content_type": 7,
      "codename": "view_profile"
    }
  },
  {
    "model": "auth.permission",
    "pk": 29,
    "fields": {
      "name": "Can add avatar",
      "content_type": 8,
      "codename": "add_avatar"
    }
  },
  {
    "model": "auth.permission",
    "pk": 30,
    "fields": {
      "name": "Can change avatar",
      "content_type": 8,
      "codename": "change_avatar"
    }
  },
  {
    "model": "auth.permission",
    "pk": 31,
    "fields": {
      "name": "Can delete avatar",
      "content_type": 8,
      "codename": "delete_avatar"
    }
  },
  {
    "model": "auth.permission",
    "pk": 32,
    "fields": {
      "name": "Can view avatar",
      "content_type": 8,
      "codename": "view_avatar"
    }
  },
  {
    "model": "auth.permission",
    "pk": 33,
    "fields": {
      "name": "Can add Category: image",
      "content_type": 9,
      "codename": "add_categoryimage"
    }
  },
  {
    "model": "auth.permission",
    "pk": 34,
    "fields": {
      "name": "Can change Category: image",
      "content_type": 9,
      "codename": "change_categoryimage"
    }
  },
  {
    "model": "auth.permission",
    "pk": 35,
    "fields": {
      "name": "Can delete Category: image",
      "content_type": 9,
      "codename": "delete_categoryimage"
    }
  },
  {
    "model": "auth.permission",
    "pk": 36,
    "fields": {
      "name": "Can view Category: image",
      "content_type": 9,
      "codename": "view_categoryimage"
    }
  },
  {
    "model": "auth.permission",
    "pk": 37,
    "fields": {
      "name": "Can add Category: full details",
      "content_type": 10,
      "codename": "add_category"
    }
  },
  {
    "model": "auth.permission",
    "pk": 38,
    "fields": {
      "name": "Can change Category: full details",
      "content_type": 10,
      "codename": "change_category"
    }
  },
  {
    "model": "auth.permission",
    "pk": 39,
    "fields": {
      "name": "Can delete Category: full details",
      "content_type": 10,
      "codename": "delete_category"
    }
  },
  {
    "model": "auth.permission",
    "pk": 40,
    "fields": {
      "name": "Can view Category: full details",
      "content_type": 10,
      "codename": "view_category"
    }
  },
  {
    "model": "auth.permission",
    "pk": 41,
    "fields": {
      "name": "Can add Product: full details",
      "content_type": 11,
      "codename": "add_product"
    }
  },
  {
    "model": "auth.permission",
    "pk": 42,
    "fields": {
      "name": "Can change Product: full details",
      "content_type": 11,
      "codename": "change_product"
    }
  },
  {
    "model": "auth.permission",
    "pk": 43,
    "fields": {
      "name": "Can delete Product: full details",
      "content_type": 11,
      "codename": "delete_product"
    }
  },
  {
    "model": "auth.permission",
    "pk": 44,
    "fields": {
      "name": "Can view Product: full details",
      "content_type": 11,
      "codename": "view_product"
    }
  },
  {
    "model": "auth.permission",
    "pk": 45,
    "fields": {
      "name": "Can add product and specification",
      "content_type": 12,
      "codename": "add_productandspecification"
    }
  },
  {
    "model": "auth.permission",
    "pk": 46,
    "fields": {
      "name": "Can change product and specification",
      "content_type": 12,
      "codename": "change_productandspecification"
    }
  },
  {
    "model": "auth.permission",
    "pk": 47,
    "fields": {
      "name": "Can delete product and specification",
      "content_type": 12,
      "codename": "delete_productandspecification"
    }
  },
  {
    "model": "auth.permission",
    "pk": 48,
    "fields": {
      "name": "Can view product and specification",
      "content_type": 12,
      "codename": "view_productandspecification"
    }
  },
  {
    "model": "auth.permission",
    "pk": 49,
    "fields": {
      "name": "Can add product and tag",
      "content_type": 13,
      "codename": "add_productandtag"
    }
  },
  {
    "model": "auth.permission",
    "pk": 50,
    "fields": {
      "name": "Can change product and tag",
      "content_type": 13,
      "codename": "change_productandtag"
    }
  },
  {
    "model": "auth.permission",
    "pk": 51,
    "fields": {
      "name": "Can delete product and tag",
      "content_type": 13,
      "codename": "delete_productandtag"
    }
  },
  {
    "model": "auth.permission",
    "pk": 52,
    "fields": {
      "name": "Can view product and tag",
      "content_type": 13,
      "codename": "view_productandtag"
    }
  },
  {
    "model": "auth.permission",
    "pk": 53,
    "fields": {
      "name": "Can add Product: image",
      "content_type": 14,
      "codename": "add_productimage"
    }
  },
  {
    "model": "auth.permission",
    "pk": 54,
    "fields": {
      "name": "Can change Product: image",
      "content_type": 14,
      "codename": "change_productimage"
    }
  },
  {
    "model": "auth.permission",
    "pk": 55,
    "fields": {
      "name": "Can delete Product: image",
      "content_type": 14,
      "codename": "delete_productimage"
    }
  },
  {
    "model": "auth.permission",
    "pk": 56,
    "fields": {
      "name": "Can view Product: image",
      "content_type": 14,
      "codename": "view_productimage"
    }
  },
  {
    "model": "auth.permission",
    "pk": 57,
    "fields": {
      "name": "Can add Product: image",
      "content_type": 15,
      "codename": "add_productspecification"
    }
  },
  {
    "model": "auth.permission",
    "pk": 58,
    "fields": {
      "name": "Can change Product: image",
      "content_type": 15,
      "codename": "change_productspecification"
    }
  },
  {
    "model": "auth.permission",
    "pk": 59,
    "fields": {
      "name": "Can delete Product: image",
      "content_type": 15,
      "codename": "delete_productspecification"
    }
  },
  {
    "model": "auth.permission",
    "pk": 60,
    "fields": {
      "name": "Can view Product: image",
      "content_type": 15,
      "codename": "view_productspecification"
    }
  },
  {
    "model": "auth.permission",
    "pk": 61,
    "fields": {
      "name": "Can add Product: tag",
      "content_type": 16,
      "codename": "add_producttag"
    }
  },
  {
    "model": "auth.permission",
    "pk": 62,
    "fields": {
      "name": "Can change Product: tag",
      "content_type": 16,
      "codename": "change_producttag"
    }
  },
  {
    "model": "auth.permission",
    "pk": 63,
    "fields": {
      "name": "Can delete Product: tag",
      "content_type": 16,
      "codename": "delete_producttag"
    }
  },
  {
    "model": "auth.permission",
    "pk": 64,
    "fields": {
      "name": "Can view Product: tag",
      "content_type": 16,
      "codename": "view_producttag"
    }
  },
  {
    "model": "auth.permission",
    "pk": 65,
    "fields": {
      "name": "Can add Product: review",
      "content_type": 17,
      "codename": "add_productreview"
    }
  },
  {
    "model": "auth.permission",
    "pk": 66,
    "fields": {
      "name": "Can change Product: review",
      "content_type": 17,
      "codename": "change_productreview"
    }
  },
  {
    "model": "auth.permission",
    "pk": 67,
    "fields": {
      "name": "Can delete Product: review",
      "content_type": 17,
      "codename": "delete_productreview"
    }
  },
  {
    "model": "auth.permission",
    "pk": 68,
    "fields": {
      "name": "Can view Product: review",
      "content_type": 17,
      "codename": "view_productreview"
    }
  },
  {
    "model": "auth.user",
    "pk": 1,
    "fields": {
      "password": "pbkdf2_sha256$870000$aXInhJlTAr5lunGgAmQrco$nfGlVwbR7iwCmST6zN6DiMcFr2Q1lPqKtb6R5JW6RQ8=",
      "last_login": "2024-09-10T09:36:10.193Z",
      "is_superuser": true,
      "username": "admin",
      "first_name": "admin",
      "last_name": "",
      "email": "",
      "is_staff": true,
      "is_active": true,
      "date_joined": "2024-08-28T13:08:04.185Z",
      "groups": [],
      "user_permissions": []
    }
  },
  {
    "model": "auth.user",
    "pk": 2,
    "fields": {
      "password": "pbkdf2_sha256$870000$myL04CWDSiZk7pb437zJtD$cjaBQEt6Pi3a6bHj1RW6IL/N7ERc3f//hUAq+G85D7o=",
      "last_login": "2024-08-28T13:09:46.659Z",
      "is_superuser": false,
      "username": "staff",
      "first_name": "staff",
      "last_name": "",
      "email": "",
      "is_staff": true,
      "is_active": true,
      "date_joined": "2024-08-28T13:09:46.482Z",
      "groups": [],
      "user_permissions": []
    }
  },
  {
    "model": "auth.user",
    "pk": 3,
    "fields": {
      "password": "pbkdf2_sha256$870000$nRkUZfdBnhFPdAOuwWIpty$01rAZ01STTIvOVW58UTvm6CL+/HLjrn2cqGOYFUZzTA=",
      "last_login": null,
      "is_superuser": false,
      "username": "user",
      "first_name": "",
      "last_name": "",
      "email": "",
      "is_staff": false,
      "is_active": true,
      "date_joined": "2024-08-28T13:11:01.184Z",
      "groups": [],
      "user_permissions": []
    }
  },
  {
    "model": "contenttypes.contenttype",
    "pk": 1,
    "fields": {
      "app_label": "admin",
      "model": "logentry"
    }
  },
  {
    "model": "contenttypes.contenttype",
    "pk": 2,
    "fields": {
      "app_label": "auth",
      "model": "permission"
    }
  },
  {
    "model": "contenttypes.contenttype",
    "pk": 3,
    "fields": {
      "app_label": "auth",
      "model": "group"
    }
  },
  {
    "model": "contenttypes.contenttype",
    "pk": 4,
    "fields": {
      "app_label": "auth",
      "model": "user"
    }
  },
  {
    "model": "contenttypes.contenttype",
    "pk": 5,
    "fields": {
      "app_label": "contenttypes",
      "model": "contenttype"
    }
  },
  {
    "model": "contenttypes.contenttype",
    "pk": 6,
    "fields": {
      "app_label": "sessions",
      "model": "session"
    }
  },
  {
    "model": "contenttypes.contenttype",
    "pk": 7,
    "fields": {
      "app_label": "user_profile",
      "model": "profile"
    }
  },
  {
    "model": "contenttypes.contenttype",
    "pk": 8,
    "fields": {
      "app_label": "user_profile",
      "model": "avatar"
    }
  },
  {
    "model": "contenttypes.contenttype",
    "pk": 9,
    "fields": {
      "app_label": "products",
      "model": "categoryimage"
    }
  },
  {
    "model": "contenttypes.contenttype",
    "pk": 10,
    "fields": {
      "app_label": "products",
      "model": "category"
    }
  },
  {
    "model": "contenttypes.contenttype",
    "pk": 11,
    "fields": {
      "app_label": "products",
      "model": "product"
    }
  },
  {
    "model": "contenttypes.contenttype",
    "pk": 12,
    "fields": {
      "app_label": "products",
      "model": "productandspecification"
    }
  },
  {
    "model": "contenttypes.contenttype",
    "pk": 13,
    "fields": {
      "app_label": "products",
      "model": "productandtag"
    }
  },
  {
    "model": "contenttypes.contenttype",
    "pk": 14,
    "fields": {
      "app_label": "products",
      "model": "productimage"
    }
  },
  {
    "model": "contenttypes.contenttype",
    "pk": 15,
    "fields": {
      "app_label": "products",
      "model": "productspecification"
    }
  },
  {
    "model": "contenttypes.contenttype",
    "pk": 16,
    "fields": {
      "app_label": "products",
      "model": "producttag"
    }
  },
  {
    "model": "contenttypes.contenttype",
    "pk": 17,
    "fields": {
      "app_label": "products",
      "model": "productreview"
    }
  },
  {
    "model": "sessions.session",
    "pk": "11hg44nsqer9rasnpsh7mpfm5ao3y34q",
    "fields": {
      "session_data": ".eJxVjEEOwiAQAP_C2RDoUlo8evcNZNkFqRpISnsy_l1JetDrzGRewuO-Zb-3uPqFxVlocfplAekRSxd8x3KrkmrZ1iXInsjDNnmtHJ-Xo_0bZGy5bxUZcpxmZWdrJwBwI8UBGdTo2CLBwCaZQJB0TI45YcBvpimFMKER7w_kKji8:1snYqW:kNSo1jsLmD6Sdy1SKLWp0UihS_wNY_9dyfk9vdz4JcY",
      "expire_date": "2024-09-23T07:30:00.762Z"
    }
  },
  {
    "model": "sessions.session",
    "pk": "795pt1wif3clhdvweij3dvoao5ixk3e2",
    "fields": {
      "session_data": ".eJxVjEEOwiAQAP_C2RDoUlo8evcNZNkFqRpISnsy_l1JetDrzGRewuO-Zb-3uPqFxVlocfplAekRSxd8x3KrkmrZ1iXInsjDNnmtHJ-Xo_0bZGy5bxUZcpxmZWdrJwBwI8UBGdTo2CLBwCaZQJB0TI45YcBvpimFMKER7w_kKji8:1snI7L:oU3xX1SeZSGf4JSI9KPbp8JARJ-SxcmQwI1mror5hoE",
      "expire_date": "2024-09-22T13:38:15.770Z"
    }
  },
  {
    "model": "sessions.session",
    "pk": "a8oei1ow8jjixh7luia33bhk02ny4gpf",
    "fields": {
      "session_data": ".eJxVjEEOwiAQAP_C2RDoUlo8evcNZNkFqRpISnsy_l1JetDrzGRewuO-Zb-3uPqFxVlocfplAekRSxd8x3KrkmrZ1iXInsjDNnmtHJ-Xo_0bZGy5bxUZcpxmZWdrJwBwI8UBGdTo2CLBwCaZQJB0TI45YcBvpimFMKER7w_kKji8:1snI2W:oLCzD1U7nYi8xlZH0U2iavKW4yBMBbne8EbPesDOXpY",
      "expire_date": "2024-09-22T13:33:16.120Z"
    }
  },
  {
    "model": "sessions.session",
    "pk": "i9cenrl0h9cfh3phk7lnv6l8cdw7mud1",
    "fields": {
      "session_data": ".eJxVjEEOwiAQAP_C2RDoUlo8evcNZNkFqRpISnsy_l1JetDrzGRewuO-Zb-3uPqFxVlocfplAekRSxd8x3KrkmrZ1iXInsjDNnmtHJ-Xo_0bZGy5bxUZcpxmZWdrJwBwI8UBGdTo2CLBwCaZQJB0TI45YcBvpimFMKER7w_kKji8:1snxIA:aHGnzkWVu5Vd0On72v32tsdgun1stTnh4R9CyL6gdhg",
      "expire_date": "2024-09-24T09:36:10.206Z"
    }
  },
  {
    "model": "sessions.session",
    "pk": "sby0qq7ennyxl8mvstr0jy9qhbrfxh6j",
    "fields": {
      "session_data": ".eJxVjEEOwiAQAP_C2RDoUlo8evcNZNkFqRpISnsy_l1JetDrzGRewuO-Zb-3uPqFxVlocfplAekRSxd8x3KrkmrZ1iXInsjDNnmtHJ-Xo_0bZGy5bxUZcpxmZWdrJwBwI8UBGdTo2CLBwCaZQJB0TI45YcBvpimFMKER7w_kKji8:1snaNr:CmKd3UA4MIIz4r32BjswTPiz2ME8pIuSJEW_Kg8y0k4",
      "expire_date": "2024-09-23T09:08:31.273Z"
    }
  },
  {
    "model": "user_profile.profile",
    "pk": 1,
    "fields": {
      "user": 1,
      "full_name": "admin",
      "unique_email": "admin@mail.ru",
      "unique_phone": "+79214334422"
    }
  },
  {
    "model": "user_profile.profile",
    "pk": 2,
    "fields": {
      "user": 2,
      "full_name": "staff",
      "unique_email": "staff@mail.ru",
      "unique_phone": "+79215554433"
    }
  },
  {
    "model": "user_profile.profile",
    "pk": 3,
    "fields": {
      "user": 3,
      "full_name": "user full name",
      "unique_email": "user@mail.ru",
      "unique_phone": "+79118886633"
    }
  },
  {
    "model": "user_profile.avatar",
    "pk": 1,
    "fields": {
      "profile": 1,
      "src": "users/user_1/avatar/1.jpg",
      "alt": "Your '1.jpg' is currently unavailable!"
    }
  },
  {
    "model": "user_profile.avatar",
    "pk": 2,
    "fields": {
      "profile": 2,
      "src": "users/user_2/avatar/arto-marttinen-fHXP17AxOEk-unsplash.jpg",
      "alt": "Your 'arto-marttinen-fHXP17AxOEk-unsplash.jpg' is currently unavailable!"
    }
  },
  {
    "model": "user_profile.avatar",
    "pk": 3,
    "fields": {
      "profile": 3,
      "src": "users/user_3/avatar/2.jpg",
      "alt": "Your '2.jpg' is currently unavailable!"
    }
  },
  {
    "model": "products.productandtag",
    "pk": 1,
    "fields": {
      "product": 1,
      "tag": 1
    }
  },
  {
    "model": "products.productandtag",
    "pk": 2,
    "fields": {
      "product": 2,
      "tag": 2
    }
  },
  {
    "model": "products.productandtag",
    "pk": 3,
    "fields": {
      "product": 2,
      "tag": 1
    }
  },
  {
    "model": "products.productandtag",
    "pk": 4,
    "fields": {
      "product": 4,
      "tag": 1
    }
  },
  {
    "model": "products.productandtag",
    "pk": 5,
    "fields": {
      "product": 4,
      "tag": 3
    }
  },
  {
    "model": "products.producttag",
    "pk": 1,
    "fields": {
      "name": "best sales"
    }
  },
  {
    "model": "products.producttag",
    "pk": 2,
    "fields": {
      "name": "HUAWEI"
    }
  },
  {
    "model": "products.producttag",
    "pk": 3,
    "fields": {
      "name": "SAMSUNG"
    }
  },
  {
    "model": "products.category",
    "pk": 3,
    "fields": {
      "title": "Laptops",
      "parent": 7,
      "image": 4,
      "is_active": true
    }
  },
  {
    "model": "products.category",
    "pk": 4,
    "fields": {
      "title": "phones",
      "parent": 7,
      "image": null,
      "is_active": true
    }
  },
  {
    "model": "products.category",
    "pk": 5,
    "fields": {
      "title": "Accessories",
      "parent": null,
      "image": null,
      "is_active": true
    }
  },
  {
    "model": "products.category",
    "pk": 6,
    "fields": {
      "title": "pc",
      "parent": 7,
      "image": null,
      "is_active": true
    }
  },
  {
    "model": "products.category",
    "pk": 7,
    "fields": {
      "title": "Electronics",
      "parent": null,
      "image": 5,
      "is_active": true
    }
  },
  {
    "model": "products.category",
    "pk": 8,
    "fields": {
      "title": "aaa",
      "parent": 7,
      "image": null,
      "is_active": true
    }
  },
  {
    "model": "products.categoryimage",
    "pk": 4,
    "fields": {
      "src": "categories/images/laptops.jpg",
      "alt": "Image is currently unavailable!"
    }
  },
  {
    "model": "products.categoryimage",
    "pk": 5,
    "fields": {
      "src": "categories/images/elictronica.jpeg",
      "alt": "Image is currently unavailable!"
    }
  },
  {
    "model": "products.productreview",
    "pk": 1,
    "fields": {
      "author": "Sergey",
      "email": "serhios7@proton.me",
      "text": "Best laptop for Python studding",
      "rate": 5,
      "date": "2024-09-09T08:08:26.111Z",
      "product": 1
    }
  },
  {
    "model": "products.productreview",
    "pk": 2,
    "fields": {
      "author": "Sergo 1",
      "email": "serhios7@proton.me1",
      "text": "good enough",
      "rate": 4,
      "date": "2024-09-09T08:09:23.093Z",
      "product": 1
    }
  },
  {
    "model": "products.productreview",
    "pk": 3,
    "fields": {
      "author": "Sergey 2",
      "email": "serhios7@proton.me2",
      "text": "Cheap crap case",
      "rate": 2,
      "date": "2024-09-09T08:09:55.185Z",
      "product": 3
    }
  },
  {
    "model": "products.productreview",
    "pk": 4,
    "fields": {
      "author": "dd",
      "email": "serhios7@proton.me3",
      "text": "Crap",
      "rate": 0,
      "date": "2024-09-09T08:10:29.784Z",
      "product": 3
    }
  },
  {
    "model": "products.productreview",
    "pk": 5,
    "fields": {
      "author": "Arthur",
      "email": "sol@12.ru",
      "text": "1324124431",
      "rate": 5,
      "date": "2024-09-10T09:45:08.365Z",
      "product": 4
    }
  },
  {
    "model": "products.productreview",
    "pk": 6,
    "fields": {
      "author": "sds",
      "email": "aasdf@mail.ru",
      "text": "dsc",
      "rate": 3,
      "date": "2024-09-10T09:47:40.670Z",
      "product": 4
    }
  },
  {
    "model": "products.productreview",
    "pk": 7,
    "fields": {
      "author": "sdf",
      "email": "solop1992@mail.ru",
      "text": "sdf",
      "rate": 5,
      "date": "2024-09-14T09:58:58.790Z",
      "product": 1
    }
  },
  {
    "model": "products.product",
    "pk": 1,
    "fields": {
      "title": "LAPTOP MSI KATANA GF 76",
      "category": 3,
      "price": "1200.00",
      "count": 100,
      "created_date": "2024-09-06T16:59:28.721Z",
      "free_delivery": true,
      "shot_description": "Best studing laptop 2024",
      "full_description": "Full description",
      "rating": "4.7",
      "is_active": true,
      "sorting_index": 4,
      "is_limited": true
    }
  },
  {
    "model": "products.product",
    "pk": 2,
    "fields": {
      "title": "Huawei mate 50",
      "category": 4,
      "price": "600.00",
      "count": 123,
      "created_date": "2024-09-08T15:44:17.830Z",
      "free_delivery": false,
      "shot_description": "Not prescribed",
      "full_description": "See short description",
      "rating": null,
      "is_active": true,
      "sorting_index": 1,
      "is_limited": true
    }
  },
  {
    "model": "products.product",
    "pk": 3,
    "fields": {
      "title": "Case for Huawei Mate 50",
      "category": 5,
      "price": "1.00",
      "count": 2,
      "created_date": "2024-09-08T15:45:58.237Z",
      "free_delivery": true,
      "shot_description": "Not prescribed",
      "full_description": "See short description",
      "rating": "1.0",
      "is_active": true,
      "sorting_index": 1,
      "is_limited": false
    }
  },
  {
    "model": "products.product",
    "pk": 4,
    "fields": {
      "title": "Samsung S23",
      "category": 4,
      "price": "500.00",
      "count": 25,
      "created_date": "2024-09-09T08:03:03.051Z",
      "free_delivery": true,
      "shot_description": "short description",
      "full_description": "See short description (full description)",
      "rating": "4.0",
      "is_active": true,
      "sorting_index": 2,
      "is_limited": true
    }
  },
  {
    "model": "products.product",
    "pk": 5,
    "fields": {
      "title": "fpaible dilivery",
      "category": 7,
      "price": "1234.00",
      "count": 1234,
      "created_date": "2024-09-13T13:58:07.604Z",
      "free_delivery": false,
      "shot_description": "Not prescribed",
      "full_description": "See short description",
      "rating": null,
      "is_active": true,
      "sorting_index": 3,
      "is_limited": true
    }
  },
  {
    "model": "products.product",
    "pk": 6,
    "fields": {
      "title": "not available and payble dilivery",
      "category": 8,
      "price": "1000.00",
      "count": 0,
      "created_date": "2024-09-13T13:58:52.823Z",
      "free_delivery": false,
      "shot_description": "Not prescribed",
      "full_description": "See short description",
      "rating": null,
      "is_active": true,
      "sorting_index": null,
      "is_limited": false
    }
  },
  {
    "model": "products.productimage",
    "pk": 1,
    "fields": {
      "src": "products/product_1/images/msi_katana.jpeg",
      "alt": "Image is currently unavailable!",
      "product": 1
    }
  },
  {
    "model": "products.productimage",
    "pk": 3,
    "fields": {
      "src": "products/product_1/images/laptop1.webp",
      "alt": "Image is currently unavailable!",
      "product": 1
    }
  },
  {
    "model": "products.productimage",
    "pk": 4,
    "fields": {
      "src": "products/product_2/images/huawei.jpg",
      "alt": "Image is currently unavailable!",
      "product": 2
    }
  },
  {
    "model": "products.productimage",
    "pk": 5,
    "fields": {
      "src": "products/product_4/images/samsung_s23.jpg",
      "alt": "Image is currently unavailable!",
      "product": 4
    }
  },
  {
    "model": "products.productandspecification",
    "pk": 1,
    "fields": {
      "product": 1,
      "specification": 3
    }
  },
  {
    "model": "products.productandspecification",
    "pk": 2,
    "fields": {
      "product": 1,
      "specification": 4
    }
  },
  {
    "model": "products.productandspecification",
    "pk": 3,
    "fields": {
      "product": 2,
      "specification": 5
    }
  },
  {
    "model": "products.productandspecification",
    "pk": 4,
    "fields": {
      "product": 2,
      "specification": 3
    }
  },
  {
    "model": "products.productandspecification",
    "pk": 5,
    "fields": {
      "product": 4,
      "specification": 5
    }
  },
  {
    "model": "products.productandspecification",
    "pk": 6,
    "fields": {
      "product": 4,
      "specification": 3
    }
  },
  {
    "model": "products.productandspecification",
    "pk": 7,
    "fields": {
      "product": 4,
      "specification": 6
    }
  },
  {
    "model": "products.productspecification",
    "pk": 1,
    "fields": {
      "name": "size",
      "value": "xl, l m, s"
    }
  },
  {
    "model": "products.productspecification",
    "pk": 2,
    "fields": {
      "name": "size",
      "value": "xxl"
    }
  },
  {
    "model": "products.productspecification",
    "pk": 3,
    "fields": {
      "name": "SSD",
      "value": "512"
    }
  },
  {
    "model": "products.productspecification",
    "pk": 4,
    "fields": {
      "name": "SSD",
      "value": "1T"
    }
  },
  {
    "model": "products.productspecification",
    "pk": 5,
    "fields": {
      "name": "Display",
      "value": "OLED"
    }
  },
  {
    "model": "products.productspecification",
    "pk": 6,
    "fields": {
      "name": "Screen",
      "value": "Touch Screen"
    }
  }
]